,,,,,,,,,,,,
Theme,Subtheme,Set #,Set Name,Age,Piece Count,Retirement Date,LEGO.com Link,,,,,"Notes: (Exclusivity, release, etc.)"
Pick-a-Brick,-,-,Retiring Pick-a-Brick Pieces,-,-,"Jul 31, 2026",US,CA,UK,AU,MX,
Animal Crossing,-,77054,Leif's Caravan & Garden Shop,7+,263,"Jul 31, 2026",US,CA,UK,AU,MX,
Animal Crossing,-,77055,Able Sisters' Clothing Shop,6+,322,"Jul 31, 2026",US,CA,UK,AU,MX,
Animal Crossing,-,77057,Creative Houses: Seasons of Fun,,,"Jul 31, 2026",US,CA,UK,AU,MX,
Animal Crossing,-,30731,Tom Nook and Flying Present (Polybag),6+,33,"Dec 31, 2026",n/a,n/a,n/a,n/a,n/a,
Animal Crossing,-,77053,Stargazing with Celeste,6+,78,"Dec 31, 2026",US,CA,UK,AU,MX,
Animal Crossing,-,77056,Blathers's Museum Collection,,,"Dec 31, 2026",US,CA,UK,AU,MX,
Animal Crossing,-,77058,Goldie's Cosy House,,,"Dec 31, 2026",US,CA,UK,AU,MX,
Animal Crossing,Buildable Figure,77059,Timmy & Tommy's Fun Day Out,,513,"Jul 31, 2027",US,CA,UK,AU,MX,
Architecture,- ,21042,Statue of Liberty,16+,1685,"Jul 31, 2026",US,CA,UK,AU,MX,
Architecture,- ,21058,The Great Pyramid of Giza,18+,1476,"Jul 31, 2026",US,CA,UK,AU,MX,
Architecture,- ,21060,Himeji Castle,18+,2125,"Dec 31, 2026",US,CA,UK,AU,MX,
Architecture,- ,21034,London,12+,468,"Jul 31, 2027",US,CA,UK,AU,MX,
Architecture,LEGO House,21037,LEGO House,12+,774,"Jul 31, 2027",US,CA,UK,AU,MX,(EU) Exclusive to LEGO | (WW) The LEGO House
Architecture,-,21062,Trevi Fountain,18+,1880,"Jul 31, 2027",US,CA,UK,AU,MX,
Architecture,-,21061,Notre-Dame de Paris,18+,4383,"Dec 31, 2027",US,CA,UK,AU,MX,
Architecture,-,21063,Neuschwanstein Castle,18+,3455,"Dec 31, 2028",US,CA,UK,AU,MX,
Architecture,-,21064,Paris,18+,958,"Dec 31, 2028",US,CA,UK,AU,MX,
Architecture,-,21066,New York City – The Big Apple,18+,1465,"Dec 31, 2028",US,CA,UK,AU,MX,
Art,- ,31208,Hokusai - The Great Wave,18+,1810,"Jul 31, 2026",US,CA,UK,AU,MX,
Art,-,31213,Mona Lisa,18+,1503,"Jul 31, 2026",US,CA,UK,AU,MX,
Art,Fauna Collection,31217,The Fauna Collection - Tiger,,,"Jul 31, 2026",US,CA,UK,AU,MX,
Art,-,31216,Keith Haring - Dancing Figures,18+,1773,"Dec 31, 2026",US,CA,UK,AU,MX,
Art,Space,31212,The Milky Way Galaxy,18+,3091,"Jul 31, 2027",US,CA,UK,AU,MX,
Art,-,31214,LOVE,18+,791,"Jul 31, 2027",US,CA,UK,AU,MX,
Art,-,31215,Vincent van Gogh - Sunflowers,18+,2615,"Dec 31, 2027",US,CA,UK,AU,MX,
Art,-,31218,Japanese Cherry Blossom Landscape,18+,1892,"Dec 31, 2028",US,CA,UK,AU,MX,
Art,-,31220,Claude Monet – Bridge over a Pond of Water Lilies,18+,3179,"Dec 31, 2028",US,CA,UK,AU,MX,
Bluey,-,11201,Playground Fun with Bluey and Chloe,4+,104,"Dec 31, 2026",US,CA,UK,AU,MX,
Bluey,-,11202,Bluey's Beach & Family Car Trip,4+,133,"Dec 31, 2026",US,CA,UK,AU,MX,
Bluey,-,30687,Bluey Tea Party (Polybag),4+,33,"Dec 31, 2026",n/a,n/a,n/a,n/a,n/a,
Bluey,-,11216,Grannies with Bingo and Bluey,4+,80,"Dec 31, 2027",US,CA,UK,AU,MX,
Bluey,Buildable Figure,11217,Brick-Built Bluey Family,,466,"Dec 31, 2027",US,CA,UK,AU,MX,
Bluey,-,11221,School with Rusty and Bluey,4+,106,"Dec 31, 2027",US,CA,UK,AU,MX,
Bluey,-,30713,Fancy Restaurant with Bingo (Polybag),4+,23,"Dec 31, 2027",US,CA,UK,AU,MX,
Bluey,-,11203,Bluey's Family House,4+,382,"Dec 31, 2030",US,CA,UK,AU,MX,
Botanicals,Botanical Collection,10345,Flower Arrangement,18+,1161,"Dec 31, 2026",US,CA,UK,AU,MX,
Botanicals,Botanical Collection,30701,Field Flowers,9,77,"Dec 31, 2026",US,CA,UK,AU,MX,
Botanicals,Botanical Collection,40725,Cherry Blossoms,8+,430,"Dec 31, 2026",US,CA,UK,AU,MX,
Botanicals,Botanical Collection,10347,Petite Sunny Bouquet,9+,373,"Jul 31, 2027",US,CA,UK,AU,MX,
Botanicals,Botanical Collection,10373,Mini Bonsai Trees,18+,709,"Jul 31, 2027",US,CA,UK,AU,MX,(US) Amazon exclusive
Botanicals,Botanical Collection,40524,Sunflowers,8+,191,"Jul 31, 2027",US,CA,UK,AU,MX,
Botanicals,Botanical Collection,10343,Mini Orchid,18+,274,"Dec 31, 2027",US,CA,UK,AU,MX,
Botanicals,Botanical Collection,10344,Lucky Bamboo,18+,325,"Dec 31, 2027",US,CA,UK,AU,MX,
Botanicals,Botanical Collection,10348,Japanese Maple Tree,,,"Dec 31, 2027",US,CA,UK,AU,MX,
Botanicals,Botanical Collection,10349,Happy Plants,,,"Dec 31, 2027",US,CA,UK,AU,MX,
Botanicals,Botanical Collection,10372,Hibiscus,18+,660,"Dec 31, 2027",US,CA,UK,AU,MX,(US) TBA exclusive
Botanicals,Botanical Collection,11510,Magnolia Branches,18+,435,"Dec 31, 2027",US,CA,UK,AU,MX,
Botanicals,Botanical Collection,40460,Roses,8+,120,"Dec 31, 2027",US,CA,UK,AU,MX,
Botanicals,Botanical Collection,10342,Pretty Pink Flower Bouquet,18+,749,"Dec 31, 2028",US,CA,UK,AU,MX,
Botanicals,Botanical Collection,10374,Bouquet of Pink Roses,18+,789,"Dec 31, 2028",US,CA,UK,AU,MX,(WW) Exclusive to TBA
Botanicals,Botanical Collection,11501,Tulip Bouquet,18+,576,"Dec 31, 2028",US,CA,UK,AU,MX,
Botanicals,Botanical Collection,11502,Sunflower Bouquet,18+,636,"Dec 31, 2028",US,CA,UK,AU,MX,
Botanicals,Botanical Collection,11504,Peace Lily,18+,474,"Dec 31, 2028",US,CA,UK,AU,MX,
Botanicals,Botanical Collection,11506,Rocking Plants,9+,253,"Dec 31, 2028",US,CA,UK,AU,MX,
Botanicals,Botanical Collection,11508,Daisies,9+,133,"Dec 31, 2028",US,CA,UK,AU,MX,
Botanicals,Botanical Collection,11509,Flowering Cactus,9+,482,"Dec 31, 2028",US,CA,UK,AU,MX,
Botanicals,Botanical Collection,11503,Flower Wall,18+,,"Dec 31, 2028",US,CA,UK,AU,MX,
Botanicals,Botanical Collection,11505,Woodland Mushrooms,,806,"Dec 31, 2028",US,CA,UK,AU,MX,
Botanicals,Botanical Collection,11511,Water Lilies,,259,"Dec 31, 2028",US,CA,UK,AU,MX,
Botanicals,Botanical Collection,11514,Cosmos Flowers,,171,"Dec 31, 2028",US,CA,UK,AU,MX,
BrickHeadz,Disney,40674,Stitch,10+,152,"Dec 31, 2026",US,CA,UK,AU,MX,(WW) Exclusive to LEGO
BrickHeadz,Disney,40749,"Joy, Sadness & Anxiety",10+,300,"Dec 31, 2026",US,CA,UK,AU,MX,(WW) Exclusive to LEGO
BrickHeadz,Disney,40752,"Carl, Russell, & Kevin ",10+,308,"Dec 31, 2026",US,CA,UK,AU,MX,(WW) Exclusive to LEGO
BrickHeadz,Harry Potter,40791,The Goblet of Fire Figures,10+,671,"Dec 31, 2026",US,CA,UK,AU,MX,(WW) Exclusive to LEGO
BrickHeadz,Star Wars,40795,Luke Skywalker (Rebel Pilot),,,"Dec 31, 2026",US,CA,UK,AU,MX,(WW) Exclusive to LEGO
BrickHeadz,Disney,40797,Eeyore,10+,156,"Dec 31, 2026",US,CA,UK,AU,MX,(WW) Exclusive to LEGO
BrickHeadz,Stranger Things,40801,"Mike, Dustin, Lucas and Will",10+,542,"Dec 31, 2026",US,CA,UK,AU,MX,(WW) Exclusive to LEGO
BrickHeadz,Harry Potter,40802,Luna Lovegood & Thestral Figures,10+,292,"Dec 31, 2026",US,CA,UK,AU,MX,(WW) Exclusive to LEGO
BrickHeadz,Transformers,40803,Optimus Prime Robot & Vehicle,10+,237,"Dec 31, 2026",US,CA,UK,AU,MX,(WW) Exclusive to LEGO
BrickHeadz,Transformers,40804,Bumblebee Robot & Vehicle,,,"Dec 31, 2026",US,CA,UK,AU,MX,(WW) Exclusive to LEGO
BrickHeadz,Stranger Things,40879,"Eleven, Max, Demogorgon and Holly Figures",10+,584,"Dec 31, 2026",US,CA,UK,AU,MX,
BrickHeadz,Fortnite,40881,Supply Llama & Fishstick Figures,10+,300,"Dec 31, 2026",US,CA,UK,AU,MX,
BrickHeadz,Fortnite,40884,Drift & Raven Figures,10+,280,"Dec 31, 2026",US,CA,UK,AU,MX,(WW) Exclusive to LEGO
BrickHeadz,Transformers,40924,Megatron Robot & Vehicle,,224,"Dec 31, 2026",US,CA,UK,AU,MX,
BrickHeadz,Disney,40619,EVE & WALL-E,10+,155,"Dec 31, 2027",US,CA,UK,AU,MX,(WW) Exclusive to LEGO
BrickHeadz,Star Wars,40856,The Mandalorian and Grogu: Allies & Villains,10+,661,"Dec 31, 2027",US,CA,UK,AU,MX,
BrickHeadz,Disney,40861,"Sulley, Mike and Boo Figures",10+,303,"Dec 31, 2027",US,CA,UK,AU,MX,
BrickHeadz,Disney,40860,Toy Story,,528,"Dec 31, 2027",US,CA,UK,AU,MX,
BrickHeadz,Shrek,40923,"Shrek, Donkey & Gingy Figures",,259,"Dec 31, 2027",US,CA,UK,AU,MX,
BrickHeadz,Disney,40925,Alice in Wonderland,,601,"Dec 31, 2027",US,CA,UK,AU,MX,
BrickHeadz,TMNT,40878,Teenage Mutant Ninja Turtles Figures,10+,567,"Dec 31, 2028",US,CA,UK,AU,MX,
BrickHeadz,Disney,40922,Angel,10+,133,"Dec 31, 2028",US,CA,UK,AU,MX,
City,- ,60368,Arctic Explorer Ship,7+,815,"Jul 31, 2026",US,CA,UK,AU,MX,
City,-,60440,Yellow Delivery Truck,8+,1061,"Jul 31, 2026",US,CA,UK,AU,MX,(NA) Exclusive to Costco
City,-,60452,Donut Truck,5+,196,"Jul 31, 2026",US,CA,UK,AU,MX,
City,-,60462,"Helicopter, Fire Engine & Submarine Remix",7+,874,"Jul 31, 2026",US,CA,UK,AU,MX,
City,-,60467,Tow Truck,,,"Jul 31, 2026",US,CA,UK,AU,MX,
City,All,60473,The City Tower,8+,1941,"Jul 31, 2026",US,CA,UK,AU,MX,
City,-,30719,Go-Kart Racer (Polybag),5+,48,"Dec 31, 2026",n/a,n/a,n/a,n/a,n/a,
City,- ,60312,Police Car,5+,94,"Dec 31, 2026",US,CA,UK,AU,MX,
City,- ,60316,Police Station,6+,668,"Dec 31, 2026",US,CA,UK,AU,MX,
City,- ,60337,Express Passenger Train,7+,764,"Dec 31, 2026",US,CA,UK,AU,MX,
City,-,60400,Go-Karts and Race Drivers,5+,99,"Dec 31, 2026",US,CA,UK,AU,MX,
City,-,60402,Monster Truck,5+,148,"Dec 31, 2026",US,CA,UK,AU,MX,
City,-,60404,Burger Van,5+,194,"Dec 31, 2026",US,CA,UK,AU,MX,
City,-,60407,Red Double-Decker Sightseeing Bus,7+,384,"Dec 31, 2026",US,CA,UK,AU,MX,
City,-,60419,Police Prison Island,7+,980,"Dec 31, 2026",US,CA,UK,AU,MX,
City,-,60423,Downtown Streetcat & Station,7+,811,"Dec 31, 2026",US,CA,UK,AU,MX,
City,Space,60430,Interstellar Spaceship,6+,240,"Dec 31, 2026",US,CA,UK,AU,MX,
City,Formula 1,60445,F1 Truck with RB20 & AMR24 F1 Cars,8+,1086,"Dec 31, 2026",US,CA,UK,AU,MX,
City,-,60447,Off-Road Mountain Truck,6+,221,"Dec 31, 2026",US,CA,UK,AU,MX,
City,-,60457,Custom Police Garage,,,"Dec 31, 2026",US,CA,UK,AU,MX,
City,-,60463,Fire Engine ,4+,82,"Dec 31, 2026",US,CA,UK,AU,MX,
City,Formula 1,60464,F1 Williams Racing & Haas F1 Race Cars,4+,92,"Dec 31, 2026",US,CA,UK,AU,MX,
City,-,60465,Air Ambulance,,,"Dec 31, 2026",US,CA,UK,AU,MX,
City,-,60466,Bulldozer,,,"Dec 31, 2026",US,CA,UK,AU,MX,
City,-,60469,Central Train Station,,,"Dec 31, 2026",US,CA,UK,AU,MX,
City,-,60470,Explorer Train,7+,1517,"Dec 31, 2026",US,CA,UK,AU,MX,
City,-,60471,Arctic Truck,,,"Dec 31, 2026",US,CA,UK,AU,MX,
City,Rides,60482,Fire Engine,5+,67,"Dec 31, 2026",US,CA,UK,AU,MX,
City,Rides,60484,Gaming Car,5+,64,"Dec 31, 2026",US,CA,UK,AU,MX,
City,-,60489,Jet vs. Car,6+,259,"Dec 31, 2026",US,CA,UK,AU,MX,
City,-,60490,Snowplough,6+,263,"Dec 31, 2026",US,CA,UK,AU,MX,
City,-,60491,Motorcycle Transporter,4+,88,"Dec 31, 2026",US,CA,UK,AU,MX,
City,Formula 1,60493,F1 Display Truck with Audi F1 Race Car,7+,508,"Dec 31, 2026",US,CA,UK,AU,MX,
City,-,60495,Recycling Truck,7+,434,"Dec 31, 2026",US,CA,UK,AU,MX,
City,Holiday,60510,LEGO City Advent Calendar 2026,,252,"Dec 31, 2026",US,CA,UK,AU,MX,
City,- ,60373,Fire Rescue Boat,5+,144,"Jul 31, 2027",US,CA,UK,AU,MX,
City,-,60415,Police Car and Muscle Car Chase,6+,213,"Jul 31, 2027",US,CA,UK,AU,MX,
City,-,60451,Emergency Ambulance,5+,184,"Jul 31, 2027",US,CA,UK,AU,MX,
City,-,60478,Cement Mixer,7+,371,"Jul 31, 2027",US,CA,UK,AU,MX,
City,-,60499,Airport Fire Engine,7+,691,"Jul 31, 2027",US,CA,UK,AU,MX,
City,-,60508,Police Train Heist,7+,1313,"Jul 31, 2027",US,CA,UK,AU,MX,
City,-,60496,Pizza Delivery Experience,,494,"Jul 31, 2027",US,CA,UK,AU,MX,
City,-,60501,Lava Land,,1165,"Jul 31, 2027",US,CA,UK,AU,MX,
City,-,60506,Classic Beach Tram,,693,"Jul 31, 2027",US,CA,UK,AU,MX,
City,- ,60205,Tracks,5+,20,"Dec 31, 2027",US,CA,UK,AU,MX,
City,- ,60238,Switch Tracks,5+,8,"Dec 31, 2027",US,CA,UK,AU,MX,
City,- ,60304,Road Plates,5+,112,"Dec 31, 2027",US,CA,UK,AU,MX,
City,- ,60367,Passenger Airplane,7+,913,"Dec 31, 2027",US,CA,UK,AU,MX,
City,-,60411,Fire Rescue Helicopter,5+,85,"Dec 31, 2027",US,CA,UK,AU,MX,
City,-,60414,Fire Station with Fire Engine,6+,843,"Dec 31, 2027",US,CA,UK,AU,MX,
City,Formula 1,60442,F1 Driver with McLaren Race Car,6+,86,"Dec 31, 2027",US,CA,UK,AU,MX,
City,Formula 1,60443,F1 Pit Stop & Pit Crew with Ferrari Car,6+,322,"Dec 31, 2027",US,CA,UK,AU,MX,
City,-,60454,Holiday Camper Van,6+,385,"Dec 31, 2027",US,CA,UK,AU,MX,
City,-,60455,Police Motorcycle Chase,4+,65,"Dec 31, 2027",US,CA,UK,AU,MX,
City,-,60456,Police Boat,6+,264,"Dec 31, 2027",US,CA,UK,AU,MX,
City,-,60479,Police Prisoner Transport Van,6+,198,"Dec 31, 2027",US,CA,UK,AU,MX,
City,Rides,60481,Police Truck,5+,71,"Dec 31, 2027",US,CA,UK,AU,MX,
City,Rides,60483,Loader,5+,61,"Dec 31, 2027",US,CA,UK,AU,MX,
City,-,60485,Hot Rod,5+,81,"Dec 31, 2027",US,CA,UK,AU,MX,
City,-,60486,EV Supercar,5+,109,"Dec 31, 2027",US,CA,UK,AU,MX,
City,-,60487,Yellow Taxi,5+,122,"Dec 31, 2027",US,CA,UK,AU,MX,
City,-,60488,Fries Food Truck,5+,216,"Dec 31, 2027",US,CA,UK,AU,MX,
City,-,60498,Tractor,6+,204,"Dec 31, 2027",US,CA,UK,AU,MX,
City,-,60500,The LEGO Van,6+,276,"Dec 31, 2027",US,CA,UK,AU,MX,
City,-,60502,Airport with Airplane,8+,887,"Dec 31, 2027",US,CA,UK,AU,MX,
City,-,60503,Coast Guard Helicopter,7+,551,"Dec 31, 2027",US,CA,UK,AU,MX,
City,-,60504,Coast Guard Rescue Boat,7+,742,"Dec 31, 2027",US,CA,UK,AU,MX,
City,-,60505,"Airplane, Service Truck & Hovercraft Remix",7+,990,"Dec 31, 2027",US,CA,UK,AU,MX,
City,-,60480,Backhoe Loader,,301,"Dec 31, 2027",US,CA,UK,AU,MX,
City,-,60492,Passenger Jet,4+,118,"Dec 31, 2027",US,CA,UK,AU,MX,
City,-,60494,Dump Truck & Front End Loader,,1132,"Dec 31, 2027",US,CA,UK,AU,MX,
City,-,60497,Drive-Through Car Wash,,583,"Dec 31, 2027",US,CA,UK,AU,MX,
City,-,60509,Harbour Freight Train,,803,"Dec 31, 2027",US,CA,UK,AU,MX,
City,-,60511,Vintage Steam Train,,575,"Dec 31, 2027",US,CA,UK,AU,MX,
City,-,60512,Mountain Bike Adventure Van,,260,"Dec 31, 2027",US,CA,UK,AU,MX,
Classic,- ,11025,Blue Baseplate,4+,1,"Jul 31, 2026",US,CA,UK,AU,MX,
Classic,-,11043,Cool Creative Box,5+,510,"Jul 31, 2026",US,CA,UK,AU,MX,(US) Exclusive to Target
Classic,-,11044,Creative Build-and-Play Box,5+,750,"Jul 31, 2026",US,CA,UK,AU,MX,
Classic,-,11040,Magical Transparent Box,5+,340,"Dec 31, 2026",US,CA,UK,AU,MX,
Classic,-,11036,Creative Vehicles,5+,900,"Jul 31, 2027",US,CA,UK,AU,MX,
Classic,-,11039,Creative Food Friends,4+,150,"Jul 31, 2027",US,CA,UK,AU,MX,
Classic,- ,10713,Creative Suitcase,4-99,213,"Dec 31, 2027",US,CA,UK,AU,MX,
Classic,- ,11023,Green Baseplate,4+,1,"Dec 31, 2027",US,CA,UK,AU,MX,
Classic,- ,11024,Gray Baseplate,4+,1,"Dec 31, 2027",US,CA,UK,AU,MX,
Classic,- ,11026,White Baseplate,4+,1,"Dec 31, 2027",US,CA,UK,AU,MX,
Classic,-,11045,Creative Colourful Bricks,5+,820,"Dec 31, 2027",US,CA,UK,AU,MX,
Classic,-,11041,Creative Dinosaurs,5+,450,"Dec 31, 2028",US,CA,UK,AU,MX,
Creator,3-in-1,31145,Red Dragon,6+,149,"Jul 31, 2026",US,CA,UK,AU,MX,
Creator,3-in-1,31149,Flowers in Watering Can,8+,420,"Jul 31, 2026",US,CA,UK,AU,MX,
Creator,3-in-1,31150,Wild Safari Animals,9+,780,"Jul 31, 2026",US,CA,UK,AU,MX,
Creator,3-in-1,31151,T. Rex,9+,626,"Jul 31, 2026",US,CA,UK,AU,MX,
Creator,3-in-1,31152,Space Astronaut,9+,647,"Jul 31, 2026",US,CA,UK,AU,MX,
Creator,3-in-1,31157,Exotic Peacock,7+,355,"Jul 31, 2026",US,CA,UK,AU,MX,"(US, CA) Exclusive to Walmart | (DE) Müller | (UK) Asda"
Creator,3-in-1,31160,Racing Aircraft,7+,178,"Jul 31, 2026",US,CA,UK,AU,MX,
Creator,3-in-1,31162,Bunny,8+,326,"Jul 31, 2026",US,CA,UK,AU,MX,
Creator,"Space, 3-in-1",31164,Space Robots,8+,281,"Jul 31, 2026",US,CA,UK,AU,MX,
Creator,Botanical Collection,40647,Lotus Flowers,8+,220,"Jul 31, 2026",US,CA,UK,AU,MX,(WW) Exclusive to LEGO
Creator,Holiday,30692,Christmas Chimney Fun with Santa (Polybag),,,"Dec 31, 2026",n/a,n/a,n/a,n/a,n/a,
Creator,3-in-1,30714,Orange Cat (Polybag),6+,79,"Dec 31, 2026",n/a,n/a,n/a,n/a,n/a,
Creator,-,30715,Cute Animal Birthday Party (Polybag),6+,64,"Dec 31, 2026",n/a,n/a,n/a,n/a,n/a,
Creator,Holiday,30716,Cute Easter Bunny (Polybag),6+,66,"Dec 31, 2026",n/a,n/a,n/a,n/a,n/a,
Creator,3-in-1,31136,Exotic Parrot,7+,253,"Dec 31, 2026",US,CA,UK,AU,MX,
Creator,3-in-1,31148,Retro Roller Skate,8+,342,"Dec 31, 2026",US,CA,UK,AU,MX,
Creator,3-in-1,31169,Typewriter with Flowers,8+,363,"Dec 31, 2026",US,CA,UK,AU,MX,
Creator,3-in-1,31171,Majestic Rhino,9+,780,"Dec 31, 2026",US,CA,UK,AU,MX,(US) Exclusive to TBA
Creator,3-in-1,31172,Record Player with Flowers,8+,366,"Dec 31, 2026",US,CA,UK,AU,MX,(US) Exclusive to Target
Creator,3-in-1,31174,Retro Telephone,8+,383,"Dec 31, 2026",US,CA,UK,AU,MX,
Creator,3-in-1,31175,Unicorn Castle,8+,390,"Dec 31, 2026",US,CA,UK,AU,MX,
Creator,3-in-1,31378,Space Exploration Telescope,8+,278,"Dec 31, 2026",US,CA,UK,AU,MX,
Creator,- ,40468,Yellow Taxi,7+,124,"Dec 31, 2026",US,CA,UK,AU,MX,(WW) Exclusive to LEGO
Creator,3-in-1,31134,Space Shuttle,6+,144,"Jul 31, 2027",US,CA,UK,AU,MX,
Creator,3-in-1,31140,Magical Unicorn,7+,145,"Jul 31, 2027",US,CA,UK,AU,MX,
Creator,3-in-1,31146,Flatbed Truck with Helicopter,7+,270,"Jul 31, 2027",US,CA,UK,AU,MX,
Creator,3-in-1,31147,Retro Camera,8+,261,"Jul 31, 2027",US,CA,UK,AU,MX,
Creator,3-in-1,31161,Green Dragon,9+,715,"Jul 31, 2027",US,CA,UK,AU,MX,
Creator,3-in-1,31166,Beautiful Horse,,,"Jul 31, 2027",US,CA,UK,AU,MX,
Creator,3-in-1,31170,Wild Animals - Pink Flamingo,8+,288,"Jul 31, 2027",US,CA,UK,AU,MX,
Creator,3-in-1,31173,Tropical Toucan,7+,225,"Jul 31, 2027",US,CA,UK,AU,MX,
Creator,3-in-1,31385,Beautiful Dolphins,9+,542,"Jul 31, 2027",US,CA,UK,AU,MX,
Creator,3-in-1,31159,Wild Animals - Surprise Spider,7+,153,"Dec 31, 2027",US,CA,UK,AU,MX,
Creator,3-in-1,31163,Grey Cat,8+,407,"Dec 31, 2027",US,CA,UK,AU,MX,
Creator,3-in-1,31167,Haunted Mansion,,,"Dec 31, 2027",US,CA,UK,AU,MX,
Creator,3-in-1,31376,Cute Hamster with a Flower,7+,166,"Dec 31, 2027",US,CA,UK,AU,MX,
Creator,3-in-1,31377,Turtle with a Water Lily,7+,124,"Dec 31, 2027",US,CA,UK,AU,MX,
Creator,3-in-1,31379,Fierce Dinosaur,8+,283,"Dec 31, 2027",US,CA,UK,AU,MX,
Creator,3-in-1,31380,Retro Gaming Console,8+,268,"Dec 31, 2027",US,CA,UK,AU,MX,
Creator,3-in-1,31381,Fierce Shark with a Treasure Chest,8+,379,"Dec 31, 2027",US,CA,UK,AU,MX,
Creator,3-in-1,31382,Playful Puppy,8+,336,"Dec 31, 2027",US,CA,UK,AU,MX,
Creator,3-in-1,31384,Colourful Hummingbird,8+,312,"Dec 31, 2027",US,CA,UK,AU,MX,
Creator,- ,40518,High-Speed Train,7+,284,"Dec 31, 2027",US,CA,UK,AU,MX,(WW) Exclusive to LEGO
Creator,Postcard,40519,New York Postcard,9+,253,"Dec 31, 2027",US,CA,UK,AU,MX,(WW) Exclusive to LEGO
Creator,Postcard,40569,London Postcard,9+,277,"Dec 31, 2027",US,CA,UK,AU,MX,(WW) Exclusive to LEGO
Creator,Postcard,40713,Japan Postcard,9+,262,"Dec 31, 2027",US,CA,UK,AU,MX,(WW) Exclusive to LEGO
Creator,Postcard,40818,Italy Postcard,,,"Dec 31, 2027",US,CA,UK,AU,MX,(WW) Exclusive to LEGO
Creator,-,30717,Fun Halloween Skeleton (Polybag),,71,"Dec 31, 2027",US,CA,UK,AU,MX,
Creator,Holiday,30718,Cataclaws Snow Adventure (Polybag),,70,"Dec 31, 2027",US,CA,UK,AU,MX,
Creator,3-in-1,31383,Floral Perfume Bottle,,286,"Dec 31, 2027",US,CA,UK,AU,MX,
Creator,3-in-1,31386,Wild Animals: Majestic Lion,,839,"Dec 31, 2027",US,CA,UK,AU,MX,
Creator,3-in-1,31387,Iconic Pirate Ship,,1074,"Dec 31, 2027",US,CA,UK,AU,MX,
Creator,3-in-1,31388,Wild Animals: Family of Koalas,,1536,"Dec 31, 2027",US,CA,UK,AU,MX,
Creator,3-in-1,31389,Iconic Ferris Wheel,,916,"Dec 31, 2027",US,CA,UK,AU,MX,
Creator,3-in-1,31390,Floral Art Painting,,348,"Dec 31, 2027",US,CA,UK,AU,MX,
Creator,3-in-1,31391,Fashion Bag with Storage,,272,"Dec 31, 2027",US,CA,UK,AU,MX,
Creator,3-in-1,31392,Music Decor Piano with Cat,,485,"Dec 31, 2027",US,CA,UK,AU,MX,
Creator,3-in-1,31393,Forest Animals: Grey Wolf,,657,"Dec 31, 2027",US,CA,UK,AU,MX,
Creator,3-in-1,31165,Wild Animals - Panda Family,8+,626,"Dec 31, 2028",US,CA,UK,AU,MX,
Creator,3-in-1,31168,Medieval Horse Knight Castle,,,"Dec 31, 2028",US,CA,UK,AU,MX,
Creator,- ,40953,London Bus,7+,58,"Dec 31, 2028",US,CA,UK,AU,MX,
Creator,Postcard,40954,Germany Postcard,9+,240,"Dec 31, 2028",US,CA,UK,AU,MX,(WW) Exclusive to LEGO
DC,Batman,76328,Batman: The Classic TV Series Batmobile,18+,1822,"Jul 31, 2026",US,CA,UK,AU,MX,
DC,Batman,30726,Batman: Bruce Wayne and the Batsuit (Polybag),7+,35,"Dec 31, 2026",n/a,n/a,n/a,n/a,n/a,
DC,Batman,76303,Batman Tumbler vs. Two-Face & The Joker,8+,429,"Dec 31, 2026",US,CA,UK,AU,MX,
DC,Batman,76304,Batman Forever Batmobile,,,"Dec 31, 2026",US,CA,UK,AU,MX,
DC,Modular Building,76300,Arkham Asylum,18+,2953,"Jul 31, 2027",US,CA,UK,AU,MX,
DC,Batman,76333,Batman & Robin Batmobile,9+,272,"Jul 31, 2027",US,CA,UK,AU,MX,
DC,Logo,76330,Batman Logo,12+,678,"Dec 31, 2027",US,CA,UK,AU,MX,
DC,Batman,76331,Batman v Superman™ Batmobile,9+,220,"Dec 31, 2027",US,CA,UK,AU,MX,
DC,Batman,76332,The Batman Batmobile,9+,330,"Dec 31, 2027",US,CA,UK,AU,MX,
Disney,-,43243,Simba The Lion King Cub,6+,222,"Jul 31, 2026",US,CA,UK,AU,MX,
Disney,-,43244,Elsa's Ice Palace,6+,630,"Jul 31, 2026",US,CA,UK,AU,MX,
Disney,-,43247,Young Simba The Lion King,18+,1445,"Jul 31, 2026",US,CA,UK,AU,MX,
Disney,-,43266,Cinderella's Dress,9+,474,"Jul 31, 2026",US,CA,UK,AU,MX,
Disney,-,43274,Minnie's Pet Hotel,,,"Jul 31, 2026",US,CA,UK,AU,MX,
Disney,-,30720,Ariel and Flounder’s Birthday Music Fun (Polybag),5+,39,"Dec 31, 2026",n/a,n/a,n/a,n/a,n/a,
Disney,-,40708,Mini Disney Ariel's Castle,12+,557,"Dec 31, 2026",US,CA,UK,AU,MX,(WW) Exclusive to LEGO
Disney,- ,43217,'Up' House,9+,598,"Dec 31, 2026",US,CA,UK,AU,MX,
Disney,-,43258,Kakamora Barge,7+,572,"Dec 31, 2026",US,CA,UK,AU,MX,
Disney,-,43260,Moana's Island Fun,5+,175,"Dec 31, 2026",US,CA,UK,AU,MX,
Disney,-,43262,Maleficent's and Cruella De Vil's Dresses,9+,524,"Dec 31, 2026",US,CA,UK,AU,MX,
Disney,-,43263,Beauty and the Beast Castle,18+,2916,"Dec 31, 2026",US,CA,UK,AU,MX,
Disney,-,43264,Toy Story Celebration Train & RC Car,,,"Dec 31, 2026",US,CA,UK,AU,MX,
Disney,-,43265,Arendelle Frozen Castle,5+,177,"Dec 31, 2026",US,CA,UK,AU,MX,
Disney,-,43267,Princess Castle & Royal Pets,,,"Dec 31, 2026",US,CA,UK,AU,MX,
Disney,-,43268,Lilo and Stitch Beach House,9+,834,"Dec 31, 2026",US,CA,UK,AU,MX,
Disney,-,43270,Moana Adventure Canoe,6+,529,"Dec 31, 2026",US,CA,UK,AU,MX,
Disney,-,43272,Heihei,9+,566,"Dec 31, 2026",US,CA,UK,AU,MX,
Disney,Villains,43277,Cruella De Vil's Car,9+,378,"Dec 31, 2026",US,CA,UK,AU,MX,(US) TBA exclusive
Disney,-,43278,Mini Arendelle Castle & Elsa's Ice Palace,,,"Dec 31, 2026",US,CA,UK,AU,MX,(US) Exclusive to Walmart
Disney,-,43284,Mini Anna & Elsa,5+,65,"Dec 31, 2026",US,CA,UK,AU,MX,
Disney,-,43285,Ariel's Magical Mini Palace,5+,179,"Dec 31, 2026",US,CA,UK,AU,MX,
Disney,-,43291,Mini Belle & Tiana with Castle,5+,358,"Dec 31, 2026",US,CA,UK,AU,MX,
Disney,-,43303,Mini Jasmine & Rapunzel,5+,59,"Dec 31, 2026",US,CA,UK,AU,MX,
Disney,Holiday,43298,LEGO Disney Advent Calendar 2026,,290,"Dec 31, 2026",US,CA,UK,AU,MX,
Disney,-,43249,Stitch,9+,730,"Jul 31, 2027",US,CA,UK,AU,MX,
Disney,-,43269,101 Dalmatians Puppy,18+,1722,"Jul 31, 2027",US,CA,UK,AU,MX,
Disney,-,43271,Lucky & Penny 101 Dalmatians Puppies,6+,268,"Jul 31, 2027",US,CA,UK,AU,MX,
Disney,-,43288,Sally's Flowerpot,9+,346,"Jul 31, 2027",US,CA,UK,AU,MX,
Disney,-,43282,Village House & Boat,4+,85,"Jul 31, 2027",US,CA,UK,AU,MX,
Disney,Buildable Figure,43293,Kakamora,,407,"Jul 31, 2027",US,CA,UK,AU,MX,
Disney,-,43294,Rapunzel's Mini Tower,,171,"Jul 31, 2027",US,CA,UK,AU,MX,
Disney,- ,40478,Mini Disney Castle,12+,567,"Dec 31, 2027",US,CA,UK,AU,MX,(WW) Exclusive to LEGO
Disney,-,43257,Angel,9+,784,"Dec 31, 2027",US,CA,UK,AU,MX,
Disney,-,43279,WALL-E and EVE,18+,811,"Dec 31, 2027",US,CA,UK,AU,MX,
Disney,-,43281,Elsa's Ice Castle and Snow Ride Adventure,4+,216,"Dec 31, 2027",US,CA,UK,AU,MX,
Disney,-,43286,The Aristocats Adorable Marie,7+,369,"Dec 31, 2027",US,CA,UK,AU,MX,
Disney,-,43287,Olaf and Bruni's Picnic Fun,7+,478,"Dec 31, 2027",US,CA,UK,AU,MX,
Disney,-,43290,Kevin & Dug,9+,628,"Dec 31, 2027",US,CA,UK,AU,MX,
Disney,-,43300,Winnie the Pooh,18+,1399,"Dec 31, 2027",US,CA,UK,AU,MX,
Disney,-,43301,Toy Story Slinky Dog Bookends,18+,1311,"Dec 31, 2027",US,CA,UK,AU,MX,
Disney,-,43305,Piglet's Birthday Fun,9+,885,"Dec 31, 2027",US,CA,UK,AU,MX,
Disney,-,43306,Lotso,9+,570,"Dec 31, 2027",US,CA,UK,AU,MX,
Disney,-,43307,Alien with Pizza Planet Rocket Ride,9+,714,"Dec 31, 2027",US,CA,UK,AU,MX,
Disney,-,43280,Beach Fun with Lilo & Stitch,4+,113,"Dec 31, 2027",US,CA,UK,AU,MX,
Disney,-,43283,Cinderella Animal Friends Castle,4+,149,"Dec 31, 2027",US,CA,UK,AU,MX,
Disney,-,43289,Belle & the Beast's Enchanted Castle,,254,"Dec 31, 2027",US,CA,UK,AU,MX,
Disney,Buildable Figure,43292,Pua,,885,"Dec 31, 2027",US,CA,UK,AU,MX,
Disney,-,43295,Jasmine's Jewellery Box,,458,"Dec 31, 2027",US,CA,UK,AU,MX,
Disney,Buildable Figure,43296,Stitch & Scrump,,713,"Dec 31, 2027",US,CA,UK,AU,MX,
Disney,-,43297,Rapunzel's Castle,,676,"Dec 31, 2027",US,CA,UK,AU,MX,
Disney,-,43299,Ariel's Royal Wedding Boat,,519,"Dec 31, 2027",US,CA,UK,AU,MX,
Disney,-,43302,"Main Street, U.S.A.",18+,3899,"Dec 31, 2027",US,CA,UK,AU,MX,
Disney,-,43304,Blaze's Horse Ranch,4+,209,"Dec 31, 2027",US,CA,UK,AU,MX,
DREAMZzz,-,71494,Zoey's Time Owl,,,"Jul 31, 2026",US,CA,UK,AU,MX,
DREAMZzz,-,71495,Mateo vs. Cyber Brain Mech,,,"Jul 31, 2026",US,CA,UK,AU,MX,
DREAMZzz,-,71492,Mateo's Fire Chameleon,7+,443,"Dec 31, 2026",US,CA,UK,AU,MX,
DREAMZzz,-,71499,Mateo's Spray Paint Truck,9+,929,"Dec 31, 2026",US,CA,UK,AU,MX,
DREAMZzz,-,71500,Nightmare Shark Submarine,9+,1413,"Dec 31, 2026",US,CA,UK,AU,MX,
DREAMZzz,-,71508,Fox Guardian Mech,9+,883,"Dec 31, 2026",US,CA,UK,AU,MX,
DREAMZzz,-,71512,Crocodile Submarine,8+,1107,"Dec 31, 2026",US,CA,UK,AU,MX,
DREAMZzz,-,71513,Nightmare Scorpion Digger,7+,505,"Dec 31, 2026",US,CA,UK,AU,MX,
DREAMZzz,-,71514,Dino Jet,9+,1007,"Dec 31, 2026",US,CA,UK,AU,MX,
DREAMZzz,-,71515,Tiger Shark Tank,9+,1548,"Dec 31, 2026",US,CA,UK,AU,MX,
Duplo,-,10416,Caring for Animals at the Farm,2+,74,"Jul 31, 2026",US,CA,UK,AU,MX,
Duplo,-,10440,Balancing & Stacking Tree,1½+,27,"Jul 31, 2026",US,CA,UK,AU,MX,
Duplo,Disney,10454,Mickey Mouse Clubhouse & Car ,2+,27,"Jul 31, 2026",US,CA,UK,AU,MX,
Duplo,Disney,10457,Winnie the Pooh's Birthday Party,1½+,22,"Jul 31, 2026",US,CA,UK,AU,MX,
Duplo,-,10412,Animal Train,1½+,19,"Dec 31, 2026",US,CA,UK,AU,MX,
Duplo,-,10441,Shape Sorter: Puppy House,,,"Dec 31, 2026",US,CA,UK,AU,MX,
Duplo,-,10442,Wild Animal Families: Penguins & Lions,2+,10,"Dec 31, 2026",US,CA,UK,AU,MX,
Duplo,-,10443,First Time at the Airport,,,"Dec 31, 2026",US,CA,UK,AU,MX,
Duplo,-,10444,Creative Garden & Flowers,2+,45,"Dec 31, 2026",US,CA,UK,AU,MX,
Duplo,Formula 1,10445,F1® Team Race Cars & Drivers,2+,70,"Dec 31, 2026",US,CA,UK,AU,MX,
Duplo,-,10446,3in1 Wild Animal Families,2+,92,"Dec 31, 2026",US,CA,UK,AU,MX,
Duplo,-,10448,3in1 Animals on Wheels,,,"Dec 31, 2026",US,CA,UK,AU,MX,
Duplo,-,10450,Hopsy's Castle Game,,,"Dec 31, 2026",US,CA,UK,AU,MX,
Duplo,-,10451,3in1 Dinosaurs on Wheels,,,"Dec 31, 2026",US,CA,UK,AU,MX,
Duplo,Peppa Pig,10452,Camping Trip,2+,32,"Dec 31, 2026",US,CA,UK,AU,MX,
Duplo,Peppa Pig,10453,Funfair,2+,53,"Dec 31, 2026",US,CA,UK,AU,MX,
Duplo,Disney,10455,Anna and Elsa's Frozen Castle Party,,,"Dec 31, 2026",US,CA,UK,AU,MX,
Duplo,Disney,10456,McQueen's Visit to Doc's Garage,,,"Dec 31, 2026",US,CA,UK,AU,MX,
Duplo,Bluey,10458,Ice Cream Trip with Bluey,2+,22,"Dec 31, 2026",US,CA,UK,AU,MX,
Duplo,Bluey,10459,Bluey's Family House with Memory Game,3+,83,"Dec 31, 2026",US,CA,UK,AU,MX,
Duplo,-,10461,Grandpa Pig's Garden and Greenhouse,,,"Dec 31, 2026",US,CA,UK,AU,MX,(US) Exclusive to Barnes and Noble
Duplo,-,10421,Alphabet Truck,2+,36,"Jul 31, 2027",US,CA,UK,AU,MX,
Duplo,-,10425,Train Tunnel and Tracks Expansion Set,2+,20,"Jul 31, 2027",US,CA,UK,AU,MX,
Duplo,Peppa Pig,10466,Train Ride with Grandpa Pig,2+,35,"Jul 31, 2027",US,CA,UK,AU,MX,
Duplo,-,10480,Discovery Forest with Wild Animals,3+,131,"Jul 31, 2027",US,CA,UK,AU,MX,
Duplo,Marvel,10463,Dinosaur Spidey-Rex vs. Green Goblin,2+,25,"Dec 31, 2027",US,CA,UK,AU,MX,
Duplo,Disney,10465,Mickey Mouse Clubhouse with Minnie & Pluto,2+,87,"Dec 31, 2027",US,CA,UK,AU,MX,
Duplo,Peppa Pig,10467,Family House,2+,84,"Dec 31, 2027",US,CA,UK,AU,MX,
Duplo,Peppa Pig,10468,Tractor and Market,2+,18,"Dec 31, 2027",US,CA,UK,AU,MX,
Duplo,-,10470,Modern Family House with Figures,2+,166,"Dec 31, 2027",US,CA,UK,AU,MX,
Duplo,-,10471,Blue Police Motorcycle,2+,11,"Dec 31, 2027",US,CA,UK,AU,MX,
Duplo,-,10476,3 in 1 Construction Site and Vehicles,3+,84,"Dec 31, 2027",US,CA,UK,AU,MX,
Duplo,-,10478,3 in 1 Creative Ramps with Vehicles,3+,111,"Dec 31, 2027",US,CA,UK,AU,MX,
Duplo,-,30712,Celebration Cake (Polybag),1.5+,9,"Dec 31, 2027",n/a,n/a,n/a,n/a,n/a,
Duplo,Disney,10462,Frozen Creative Box with Elsa and Olaf,2+,37,"Dec 31, 2027",US,CA,UK,AU,MX,
Duplo,Marvel,10464,Team Spidey Webquarters,2+,65,"Dec 31, 2027",US,CA,UK,AU,MX,
Duplo,Bluey,10469,Pizza Girls with Muffin and Bluey,2+,44,"Dec 31, 2027",US,CA,UK,AU,MX,
Duplo,-,10472,Animal Building Game,3+,94,"Dec 31, 2027",US,CA,UK,AU,MX,
Duplo,-,10447,Ambulance & Driver,2+,19,"Jul 31, 2028",US,CA,UK,AU,MX,
Duplo,-,10426,Train Bridge and Tracks Expansion Set,2+,42,"Dec 31, 2029",US,CA,UK,AU,MX,
Duplo,Baseplate,10460,Green Building Plate,1½+,1,"Dec 31, 2029",US,CA,UK,AU,MX,
Duplo,-,10427,Interactive Adventure Train,2+,57,"Dec 31, 2030",US,CA,UK,AU,MX,
Duplo,-,10428,Big Interactive Community Train,3+,103,"Dec 31, 2030",US,CA,UK,AU,MX,
Duplo,-,10473,Fire Truck with Hose and Firefighter,2+,28,"Dec 31, 2030",US,CA,UK,AU,MX,
Duplo,-,10474,Creative Vehicles,1.5+,42,"Dec 31, 2030",US,CA,UK,AU,MX,
Duplo,-,10475,3 in 1 Construction Vehicles,2+,22,"Dec 31, 2030",US,CA,UK,AU,MX,
Duplo,-,10477,3 in 1 Creative Cute Pets,1.5+,24,"Dec 31, 2030",US,CA,UK,AU,MX,
Duplo,- ,10913,Brick Box,1½+,65,"Dec 31, 2030",US,CA,UK,AU,MX,
Duplo,- ,10914,Deluxe Brick Box,1½+,85,"Dec 31, 2030",US,CA,UK,AU,MX,
Duplo,Disney,10941,Mickey & Minnie Birthday Train,2+,22,"Dec 31, 2030",US,CA,UK,AU,MX,
Duplo,- ,10954,Number Train - Learn To Count,1½+,23,"Dec 31, 2030",US,CA,UK,AU,MX,
Duplo,-,10479,Colourful Creative Box,1½+,80,"Dec 31, 2030",US,CA,UK,AU,MX,
Editions,Football,43033,2026 U.S. Soccer National Team Jersey,10+,167,"Dec 31, 2026",US,CA,UK,AU,MX,
Editions,Football,66818,Lionel Messi – Collector's Set,12+,1458,"Dec 31, 2026",US,CA,UK,AU,MX,Combo of 43011 + 43015
Editions,Football,66818,Cristiano Ronaldo – Collector's Set,12+,1344,"Dec 31, 2026",US,CA,UK,AU,MX,Combo of 43012 + 43016
Editions,Football,43032,FIFA World Cup 2026 Official Emblem,10+,298,"Jul 31, 2027",US,CA,UK,AU,MX,
Editions,Football,43011,Lionel Messi – Soccer Highlights,10+,500,"Dec 31, 2028",US,CA,UK,AU,MX,
Editions,Football,43012,Cristiano Ronaldo – Soccer Highlights,10+,490,"Dec 31, 2028",US,CA,UK,AU,MX,
Editions,Football,43013,Kylian Mbappé – Soccer Highlights,10+,490,"Dec 31, 2028",US,CA,UK,AU,MX,
Editions,Formula 1,43014,Scuderia Ferrari HP Charles Leclerc Helmet,14+,886,"Dec 31, 2028",US,CA,UK,AU,MX,
Editions,Football,43015,Lionel Messi – Soccer Legend,12+,958,"Dec 31, 2028",US,CA,UK,AU,MX,
Editions,Football,43016,Cristiano Ronaldo – Soccer Legend,12+,854,"Dec 31, 2028",US,CA,UK,AU,MX,
Editions,Football,43018,Lionel Messi – Celebration,14+,1427,"Dec 31, 2028",US,CA,UK,AU,MX,
Editions,Football,43020,FIFA World Cup Official Trophy,12+,2842,"Dec 31, 2028",US,CA,UK,AU,MX,
Editions,Formula 1,43022,Scuderia Ferrari HP Lewis Hamilton Helmet,14+,884,"Dec 31, 2028",US,CA,UK,AU,MX,
Editions,Football,43027,Vini Jr. – Soccer Highlights,10+,510,"Dec 31, 2028",US,CA,UK,AU,MX,
Editions,Formula 1,43017,McLaren Mastercard F1 Team Oscar Piastri Helmet,14+,793,"Dec 31, 2028",US,CA,UK,AU,MX,
Editions,Football,43019,Soccer Ball,10+,1498,"Dec 31, 2028",US,CA,UK,AU,MX,
Editions,Formula 1,43023,McLaren Mastercard F1 Team Lando Norris Helmet,14+,793,"Dec 31, 2028",US,CA,UK,AU,MX,
Education,-,45200,Moon Mission Science Kit,8+,519,"Dec 31, 2029",US,CA,UK,AU,MX,
Education,-,45201,Antarctic Animals Science Kit,7+,461,"Dec 31, 2029",US,CA,UK,AU,MX,
Education,-,45202,Mars Mission Science Kit,6+,42,"Dec 31, 2029",US,CA,UK,AU,MX,
Education,-,45203,Arctic Animals Science Kit,7+,31,"Dec 31, 2029",US,CA,UK,AU,MX,
Family,-,41843,Family Christmas Tree,9+,3171,"Dec 31, 2026",US,CA,UK,AU,MX,
Fortnite,-,77075,Peely & Sparkplug's Camp,,,"Dec 31, 2026",US,CA,UK,AU,MX,
Fortnite,-,77076,Durrr Burger Restaurant,,,"Dec 31, 2026",US,CA,UK,AU,MX,
Fortnite,-,77077,Klombo,,,"Dec 31, 2026",US,CA,UK,AU,MX,
Fortnite,-,77078,Mecha Team Leader,,,"Dec 31, 2026",US,CA,UK,AU,MX,
Fortnite,-,77071,Supply Llama,12+,691,"Dec 31, 2027",US,CA,UK,AU,MX,
Fortnite,-,77073,Battle Bus,10+,954,"Dec 31, 2027",US,CA,UK,AU,MX,
Fortnite,-,77079,Tomatohead,,210,"Dec 31, 2027",US,CA,UK,AU,MX,
Fortnite,-,77080,Supply Drop,,314,"Dec 31, 2027",US,CA,UK,AU,MX,
Fortnite,Buildable Figure,77081,KIT,,1230,"Dec 31, 2027",US,CA,UK,AU,MX,
Fortnite,-,77082,Rave Cave,,1963,"Dec 31, 2027",US,CA,UK,AU,MX,
Friends,-,42642,Friendship Movie Night,,,"Jul 31, 2026",US,CA,UK,AU,MX,
Friends,-,42647,Paisley's Room,6+,199,"Jul 31, 2026",US,CA,UK,AU,MX,
Friends,-,42653,Music Shop & Apartment,,,"Jul 31, 2026",US,CA,UK,AU,MX,
Friends,-,42654,Pony Ranch & Stable,,,"Jul 31, 2026",US,CA,UK,AU,MX,
Friends,-,42658,Unicorn & Flamingo Pool Party,,,"Jul 31, 2026",US,CA,UK,AU,MX,
Friends,-,42670,Heartlake City Residential and Shopping Street,12+,2040,"Jul 31, 2026",US,CA,UK,AU,MX,
Friends,-,30721,Flower Stand with Roses (Polybag),5+,55,"Dec 31, 2026",n/a,n/a,n/a,n/a,n/a,
Friends,-,30722,Garden Bunny House (Polybag),5+,46,"Dec 31, 2026",n/a,n/a,n/a,n/a,n/a,
Friends,-,42644,Heartlake City Ice Cream Shop,4+,92,"Dec 31, 2026",US,CA,UK,AU,MX,
Friends,-,42648,Panda Sanctuary,,,"Dec 31, 2026",US,CA,UK,AU,MX,
Friends,-,42649,Heartlake City Sweet Shop,6+,376,"Dec 31, 2026",US,CA,UK,AU,MX,
Friends,-,42650,Pet Accessories Shop,6+,375,"Dec 31, 2026",US,CA,UK,AU,MX,
Friends,-,42659,Friendship Road-Trip Travel Car,,,"Dec 31, 2026",US,CA,UK,AU,MX,
Friends,-,42661,Costume Party,,,"Dec 31, 2026",US,CA,UK,AU,MX,
Friends,-,42663,Friendship Camper Van Adventure,7+,778,"Dec 31, 2026",US,CA,UK,AU,MX,
Friends,-,42664,Travel Boat Adventure,8+,685,"Dec 31, 2026",US,CA,UK,AU,MX,
Friends,-,42665,Puppy Playground,,,"Dec 31, 2026",US,CA,UK,AU,MX,
Friends,-,42666,Cat Birthday Party,,,"Dec 31, 2026",US,CA,UK,AU,MX,
Friends,-,42671,Plant Café & Flower Shop,,,"Dec 31, 2026",US,CA,UK,AU,MX,
Friends,-,42673,Family Holiday Beach Resort,,,"Dec 31, 2026",US,CA,UK,AU,MX,
Friends,-,42674,Comic Book and Game Shop,,,"Dec 31, 2026",US,CA,UK,AU,MX,
Friends,-,42677,Dog Treats Bakery,6+,278,"Dec 31, 2026",US,CA,UK,AU,MX,
Friends,-,42678,Pet Accessories Van,6+,237,"Dec 31, 2026",US,CA,UK,AU,MX,
Friends,-,42679,Heartlake City Bunny Hotel,5+,161,"Dec 31, 2026",US,CA,UK,AU,MX,
Friends,-,42680,Heartlake City Mini Supermarket,5+,176,"Dec 31, 2026",US,CA,UK,AU,MX,
Friends,-,42685,Heartlake City Fashion Show,7+,410,"Dec 31, 2026",US,CA,UK,AU,MX,
Friends,-,42686,Fun Indoor Playground,7+,668,"Dec 31, 2026",US,CA,UK,AU,MX,
Friends,-,42689,Heartlake City Friends Club House,8+,794,"Dec 31, 2026",US,CA,UK,AU,MX,
Friends,-,42692,Ice Cream & Balloon Stand,6+,107,"Dec 31, 2026",US,CA,UK,AU,MX,
Friends,-,42695,Horse & Baby Foal Trailer,7+,279,"Dec 31, 2026",US,CA,UK,AU,MX,
Friends,-,42699,Beach House with Seals,7+,400,"Dec 31, 2026",US,CA,UK,AU,MX,
Friends,Holiday,42698,LEGO Friends Advent Calendar 2026,,211,"Dec 31, 2026",US,CA,UK,AU,MX,
Friends,-,42682,Nature Glamping Cabin,,295,"Jul 31, 2027",US,CA,UK,AU,MX,
Friends,-,42690,Forest Tea Party,,116,"Jul 31, 2027",US,CA,UK,AU,MX,
Friends,-,42693,Creative Flower Shop,,377,"Jul 31, 2027",US,CA,UK,AU,MX,
Friends,-,42694,Pizza Truck,,190,"Jul 31, 2027",US,CA,UK,AU,MX,
Friends,-,42701,Koala Habitat & Care Centre,,521,"Jul 31, 2027",US,CA,UK,AU,MX,
Friends,-,42705,Cosy Autumn Forest Cabin,,1229,"Jul 31, 2027",US,CA,UK,AU,MX,
Friends,-,42675,Unicorn Cake Delivery Car,4+,67,"Dec 31, 2027",US,CA,UK,AU,MX,
Friends,-,42681,Axolotl Adventure Boat,5+,95,"Dec 31, 2027",US,CA,UK,AU,MX,
Friends,-,42684,Unicorn Dream Café,6+,475,"Dec 31, 2027",US,CA,UK,AU,MX,
Friends,-,42687,Liann's Family House,7+,946,"Dec 31, 2027",US,CA,UK,AU,MX,
Friends,-,42688,Horse Stable and Riding Academy,7+,735,"Dec 31, 2027",US,CA,UK,AU,MX,
Friends,-,42691,Garden Restaurant,12+,1465,"Dec 31, 2027",US,CA,UK,AU,MX,
Friends,-,42676,Fun Water Park Day,,278,"Dec 31, 2027",US,CA,UK,AU,MX,
Friends,-,42697,Creative Dollhouse Suitcase,,355,"Dec 31, 2027",US,CA,UK,AU,MX,
Friends,-,42700,Candy & Cupcake Ferris Wheel,,602,"Dec 31, 2027",US,CA,UK,AU,MX,
Friends,-,42702,Spinning Flower and Fairy Teacup Ride,,321,"Dec 31, 2027",US,CA,UK,AU,MX,
Friends,-,42703,Mermaid Roller Coaster Ride,,864,"Dec 31, 2027",US,CA,UK,AU,MX,
Friends,-,42704,Heartlake City Grand Hotel,,1406,"Dec 31, 2027",US,CA,UK,AU,MX,
Friends,-,42652,Friendship Tree House Hangout,8+,701,"Dec 31, 2028",US,CA,UK,AU,MX,
Friends,-,42696,Animal Vet Clinic,4+,141,"Dec 31, 2030",US,CA,UK,AU,MX,
Gabby's Dollhouse,-,11204,Mermaid Gabby's Aquarium Adventure,4+,103,"Jul 31, 2026",US,CA,UK,AU,MX,
Gabby's Dollhouse,- ,11205,Sweet Treat Mountain & Kitty Garden,4+,263,"Jul 31, 2026",US,CA,UK,AU,MX,
Gabby's Dollhouse,-,11215,Gabby's Brick-Built Cat Friends,6+,324,"Jul 31, 2027",US,CA,UK,AU,MX,
Gabby's Dollhouse,-,11214,Fairy Roller Coaster and Tea Party,4+,137,"Jul 31, 2027",US,CA,UK,AU,MX,
Gabby's Dollhouse,-,11212,Kitty Fairy's Garden House,4+,103,"Dec 31, 2027",US,CA,UK,AU,MX,
Gabby's Dollhouse,- ,10788,Gabby's Dollhouse,4+,498,"Dec 31, 2028",US,CA,UK,AU,MX,
Harry Potter,- ,76417,Gringotts Wizarding Bank - Collectors' Edition,18+,4801,"Jul 31, 2026",US,CA,UK,AU,MX,(WW) Exclusive to LEGO
Harry Potter,-,76425,Hedwig at 4 Privet Drive,7+,337,"Jul 31, 2026",US,CA,UK,AU,MX,
Harry Potter,-,76429,Talking Sorting Hat,18+,561,"Jul 31, 2026",US,CA,UK,AU,MX,
Harry Potter,-,76435,Hogwarts Castle: The Great Hall,10+,1732,"Jul 31, 2026",US,CA,UK,AU,MX,
Harry Potter,-,76443,Hagrid & Harry's Motorcycle Ride,9+,617,"Jul 31, 2026",US,CA,UK,AU,MX,
Harry Potter,-,76448,Fawkes: Dumbledore's Phoenix,,,"Jul 31, 2026",US,CA,UK,AU,MX,
Harry Potter,-,76453,Malfoy Manor,10+,1601,"Jul 31, 2026",US,CA,UK,AU,MX,
Harry Potter,-,30724,Dumbledore's Office with Harry Potter (Polybag),6+,42,"Dec 31, 2026",n/a,n/a,n/a,n/a,n/a,
Harry Potter,-,76437,The Burrow: Collectors' Edition,18+,2405,"Dec 31, 2026",US,CA,UK,AU,MX,
Harry Potter,-,76442,Hogwarts Castle: Charms Class,8+,204,"Dec 31, 2026",US,CA,UK,AU,MX,
Harry Potter,-,76445,Hogwarts Castle: Herbology Class,8+,390,"Dec 31, 2026",US,CA,UK,AU,MX,
Harry Potter,-,76447,Hogwarts Castle: Flying Lessons,9+,651,"Dec 31, 2026",US,CA,UK,AU,MX,
Harry Potter,-,76449,Chomping Monster Book of Monsters,9+,518,"Dec 31, 2026",US,CA,UK,AU,MX,
Harry Potter,Book Nook,76450,Book Nook: Hogwarts Express,10+,832,"Dec 31, 2026",US,CA,UK,AU,MX,
Harry Potter,-,76451,Privet Drive: Aunt Marge's Visit,8+,639,"Dec 31, 2026",US,CA,UK,AU,MX,
Harry Potter,-,76452,Quality Quidditch Supplies & Ice Cream Parlour,8+,795,"Dec 31, 2026",US,CA,UK,AU,MX,
Harry Potter,-,76458,Thestral Family,,,"Dec 31, 2026",US,CA,UK,AU,MX,(US) Exclusive to Amazon
Harry Potter,-,76467,Luna Lovegood's House,10+,764,"Dec 31, 2026",US,CA,UK,AU,MX,
Harry Potter,-,76470,Enchanted Flying Ford Anglia,14+,868,"Dec 31, 2026",US,CA,UK,AU,MX,
Harry Potter,-,76424,Flying Ford Anglia,7+,165,"Jul 31, 2027",US,CA,UK,AU,MX,
Harry Potter,-,76454,Hogwarts Castle: The Main Tower,10+,2135,"Jul 31, 2027",US,CA,UK,AU,MX,
Harry Potter,-,76461,Cornish Pixie,8+,320,"Jul 31, 2027",US,CA,UK,AU,MX,
Harry Potter,-,76471,Knockturn Alley Wizarding Shops,,788,"Jul 31, 2027",US,CA,UK,AU,MX,
Harry Potter,-,76475,Forbidden Forest: Expecto Patronum,,244,"Jul 31, 2027",US,CA,UK,AU,MX,
Harry Potter,- ,71043,Hogwarts Castle,16+,6020,"Dec 31, 2027",US,CA,UK,AU,MX,
Harry Potter,- ,76419,Hogwarts Castle and Grounds,18+,2660,"Dec 31, 2027",US,CA,UK,AU,MX,
Harry Potter,-,76444,Diagon Alley Wizarding Shops,18+,2750,"Dec 31, 2027",US,CA,UK,AU,MX,
Harry Potter,-,76446,Knight Bus Adventure,8+,499,"Dec 31, 2027",US,CA,UK,AU,MX,
Harry Potter,-,76457,Hogsmeade Village - Collector's Edition,18+,3228,"Dec 31, 2027",US,CA,UK,AU,MX,
Harry Potter,-,76459,Hagrid & Harry's Privet Drive Escape,8+,124,"Dec 31, 2027",US,CA,UK,AU,MX,
Harry Potter,-,76460,Hogwarts Castle: Sorting Hat Ceremony,7+,124,"Dec 31, 2027",US,CA,UK,AU,MX,
Harry Potter,-,76463,Hogwarts Castle: Hospital Wing,9+,907,"Dec 31, 2027",US,CA,UK,AU,MX,
Harry Potter,-,76464,Cauldron: Secret Potions Classroom,10+,652,"Dec 31, 2027",US,CA,UK,AU,MX,
Harry Potter,-,76466,Philosopher's Stone - Collectors' Edition,18+,1571,"Dec 31, 2027",US,CA,UK,AU,MX,
Harry Potter,-,76462,Hogwarts House Crest,,545,"Dec 31, 2027",US,CA,UK,AU,MX,
Harry Potter,Buildable Figure,76469,Dobby the Free Elf,,379,"Dec 31, 2027",US,CA,UK,AU,MX,
Harry Potter,-,76473,Hogwarts Castle: East Wing,,2164,"Dec 31, 2027",US,CA,UK,AU,MX,
Harry Potter,-,76474,Hogwarts Herbology Plants,,817,"Dec 31, 2027",US,CA,UK,AU,MX,
Harry Potter,Buildable Figure,76477,Norbert: Hagrid's Baby Dragon,,482,"Dec 31, 2027",US,CA,UK,AU,MX,
Harry Potter,Book Nook,76478,Book Nook: Dumbledore's Office,,1182,"Dec 31, 2027",US,CA,UK,AU,MX,
Horizon,-,77037,Aloy & Varl vs. Shell-Walker & Sawtooth,9+,768,"Dec 31, 2026",US,CA,UK,AU,MX,
Icons,Botanical Collection,10280,Flower Bouquet,18+,756,"Jul 31, 2026",US,CA,UK,AU,MX,
Icons,Transformers,10302,Optimus Prime,18+,1508,"Jul 31, 2026",US,CA,UK,AU,MX,
Icons,- ,10323,PAC-MAN Arcade,18+,2651,"Jul 31, 2026",US,CA,UK,AU,MX,
Icons,Dune,10327,Dune Atreides Royal Ornithopter,18+,1369,"Jul 31, 2026",US,CA,UK,AU,MX,
Icons,Fauna Collection,10331,Kingfisher Bird,18+,834,"Jul 31, 2026",US,CA,UK,AU,MX,
Icons,-,10334,Retro Radio,18+,906,"Jul 31, 2026",US,CA,UK,AU,MX,
Icons,Transformers,10338,Transformers: Bumblebee,18+,950,"Jul 31, 2026",US,CA,UK,AU,MX,
Icons,Gardens of the World,10359,Fountain Garden,18+,1302,"Jul 31, 2026",US,CA,UK,AU,MX,
Icons,-,10362,French Café,18+,1101,"Jul 31, 2026",US,CA,UK,AU,MX,
Icons,Botanical Collection,10309,Succulents,18+,771,"Dec 31, 2026",US,CA,UK,AU,MX,
Icons,Gardens of the World,10315,Tranquil Garden,18+,1363,"Dec 31, 2026",US,CA,UK,AU,MX,
Icons,Modular Building,10326,Natural History Museum,18+,4014,"Dec 31, 2026",US,CA,UK,AU,MX,
Icons,-,10335,The Endurance,18+,3011,"Dec 31, 2026",US,CA,UK,AU,MX,
Icons,-,10337,Lamborghini Countach 5000 Quattrovalvole,18+,1506,"Dec 31, 2026",US,CA,UK,AU,MX,
Icons,Botanical Collection,10340,Wreath,18+,1194,"Dec 31, 2026",US,CA,UK,AU,MX,
Icons,Space,10341,NASA: Artemis Space Launch System,18+,3601,"Dec 31, 2026",US,CA,UK,AU,MX,
Icons,Book Nook,10351,Sherlock Holmes: Book Nook,,,"Dec 31, 2026",US,CA,UK,AU,MX,(US) Exclusive to Barnes and Noble
Icons,Formula 1,10353,Williams Racing FW14B & Nigel Mansell,18+,799,"Dec 31, 2026",US,CA,UK,AU,MX,
Icons,-,10363,Leonardo da Vinci's Flying Machine,18+,493,"Dec 31, 2026",US,CA,UK,AU,MX,
Icons,Botanical Collection,10370,Poinsettia,18+,608,"Dec 31, 2026",US,CA,UK,AU,MX,
Icons,- ,40516,Everyone is Awesome,18+,346,"Dec 31, 2026",US,CA,UK,AU,MX,(WW) Exclusive to LEGO
Icons,- ,10307,Eiffel Tower,18+,10001,"Jul 31, 2027",US,CA,UK,AU,MX,(WW) Exclusive to LEGO
Icons,Lord of the Rings,10354,The Lord of the Rings: The Shire,18+,2017,"Jul 31, 2027",US,CA,UK,AU,MX,
Icons,-,10357,Shelby Cobra 427 S/C,18+,1241,"Jul 31, 2027",US,CA,UK,AU,MX,
Icons,Space,10360,Shuttle Carrier Aircraft,18+,2417,"Jul 31, 2027",US,CA,UK,AU,MX,
Icons,Holiday,10361,Winter Express Train,18+,956,"Jul 31, 2027",US,CA,UK,AU,MX,
Icons,-,10366,Tropical Aquarium,18+,4154,"Jul 31, 2027",US,CA,UK,AU,MX,
Icons,Lord of the Rings,10367,The Lord of the Rings: Balrog Book Nook,18+,1201,"Jul 31, 2027",US,CA,UK,AU,MX,
Icons,Botanical Collection,10281,Bonsai Tree,18+,878,"Dec 31, 2027",US,CA,UK,AU,MX,
Icons,- ,10295,Porsche 911,18+,1458,"Dec 31, 2027",US,CA,UK,AU,MX,
Icons,- ,10300,Back to the Future Time Machine,18+,1872,"Dec 31, 2027",US,CA,UK,AU,MX,(DE/UK) Exclusive to Smyths
Icons,Botanical Collection,10311,Orchid,18+,608,"Dec 31, 2027",US,CA,UK,AU,MX,
Icons,Botanical Collection,10313,Wildflower Bouquet,18+,939,"Dec 31, 2027",US,CA,UK,AU,MX,
Icons,Lord of the Rings,10316,The Lord of the Rings: Rivendell,18+,6167,"Dec 31, 2027",US,CA,UK,AU,MX,
Icons,- ,10318,Concorde,18+,2083,"Dec 31, 2027",US,CA,UK,AU,MX,
Icons,Botanical Collection,10328,Bouquet of Roses,18+,822,"Dec 31, 2027",US,CA,UK,AU,MX,
Icons,Botanical Collection,10329,Tiny Plants,18+,758,"Dec 31, 2027",US,CA,UK,AU,MX,
Icons,Formula 1,10330,McLaren MP4/4 & Ayrton Senna,18+,693,"Dec 31, 2027",US,CA,UK,AU,MX,
Icons,Lord of the Rings,10333,The Lord Of The Rings: Barad-dûr,18+,5471,"Dec 31, 2027",US,CA,UK,AU,MX,
Icons,Botanical Collection,10368,Chrysanthemum,18+,278,"Dec 31, 2027",US,CA,UK,AU,MX,
Icons,Botanical Collection,10369,Plum Blossom,18+,327,"Dec 31, 2027",US,CA,UK,AU,MX,
Icons,- ,10294,Titanic,18+,9090,"Dec 31, 2028",US,CA,UK,AU,MX,(WW) Exclusive to LEGO
Icons,Modular Building,10350,Tudor Corner,18,3266,"Dec 31, 2028",US,CA,UK,AU,MX,
Icons,The Simpsons,10352,The Simpsons: Krusty Burger,18+,1635,"Dec 31, 2028",US,CA,UK,AU,MX,
Icons,Star Trek,10356,Star Trek: USS Enterprise-D,18+,3600,"Dec 31, 2028",US,CA,UK,AU,MX,
Icons,Transformers,10358,Transformers: Soundwave,18+,1502,"Dec 31, 2028",US,CA,UK,AU,MX,
Icons,Pirates of the Caribbean,10365,Captain Jack Sparrow's Pirate Ship,18+,2861,"Dec 31, 2028",US,CA,UK,AU,MX,
Icons,-,10375,How to Train Your Dragon: Toothless,18+,784,"Dec 31, 2028",US,CA,UK,AU,MX,
Icons,Stranger Things,11370,Stranger Things: The Creel House,18+,2593,"Dec 31, 2028",US,CA,UK,AU,MX,
Icons,Modular Building,11371,Shopping Street,18+,3456,"Dec 31, 2028",US,CA,UK,AU,MX,
Icons,Gardens of the World,11372,Autumn Cottage Garden,18+,1102,"Dec 31, 2028",US,CA,UK,AU,MX,
Icons,Formula 1,11375,Ferrari F2004 & Michael Schumacher,18+,735,"Dec 31, 2028",US,CA,UK,AU,MX,
Icons,-,11376,Ford Model T,18+,1060,"Dec 31, 2028",US,CA,UK,AU,MX,
Icons,-,11378,Douglas DC-3 PAN AM Airliner,18+,1903,"Dec 31, 2028",US,CA,UK,AU,MX,
Icons,-,11389,Project Hail Mary,18+,830,"Dec 31, 2028",US,CA,UK,AU,MX,
Icons,Lord of the Rings,11373,The Lord of the Rings: Sauron's Helmet,18+,538,"Dec 31, 2028",US,CA,UK,AU,MX,
Icons,Lord of the Rings,11377,The Lord of the Rings: Minas Tirith,18+,8277,"Dec 31, 2028",US,CA,UK,AU,MX,
Icons,-,11380,Road Bike,18+,1015,"Dec 31, 2028",US,CA,UK,AU,MX,
Icons,-,11384,Golden Retriever Puppy,18+,2098,"Dec 31, 2028",US,CA,UK,AU,MX,
Ideas,Dungeons & Dragons,21348,Dungeons & Dragons: Red Dragon's Tale,18+,3745,"Jul 31, 2026",US,CA,UK,AU,MX,
Ideas,Diorama Collection,21350,Jaws,18+,1497,"Jul 31, 2026",US,CA,UK,AU,MX,
Ideas,Disney,21352,Magic of Disney,18+,1103,"Jul 31, 2026",US,CA,UK,AU,MX,(US) Exclusive to Target
Ideas,- ,21323,Grand Piano,18+,3662,"Dec 31, 2026",US,CA,UK,AU,MX,
Ideas,- ,21333,Vincent van Gogh - The Starry Night,18+,2316,"Dec 31, 2026",US,CA,UK,AU,MX,
Ideas,-,21345,Polaroid OneStep SX-70 Camera,18+,516,"Dec 31, 2026",US,CA,UK,AU,MX,
Ideas,Disney,21351,Tim Burton's The Nightmare Before Christmas,18+,2193,"Dec 31, 2026",US,CA,UK,AU,MX,
Ideas,-,21353,The Botanical Garden,18+,3792,"Dec 31, 2026",US,CA,UK,AU,MX,
Ideas,-,21355,The Evolution of STEM,18+,879,"Dec 31, 2026",US,CA,UK,AU,MX,(US) Exclusive to Target
Ideas,-,21356,River Steamboat,18+,4090,"Dec 31, 2026",US,CA,UK,AU,MX,
Ideas,-,21360,Willy Wonka & the Chocolate Factory,18+,2025,"Dec 31, 2026",US,CA,UK,AU,MX,
Ideas,-,21354,Twilight: The Cullen House,18+,2001,"Jul 31, 2027",US,CA,UK,AU,MX,
Ideas,-,21349,Tuxedo Cat,18+,1710,"Dec 31, 2027",US,CA,UK,AU,MX,
Ideas,Disney,21357,Disney Pixar Luxo Jr.,18+,613,"Dec 31, 2027",US,CA,UK,AU,MX,
Ideas,- ,21358,Minifigure Vending Machine,18+,1343,"Dec 31, 2027",US,CA,UK,AU,MX,
Ideas,-,21359,The Italian Riviera,18+,3251,"Dec 31, 2027",US,CA,UK,AU,MX,
Ideas,-,21361,Gremlins: Gizmo,18+,1135,"Dec 31, 2027",US,CA,UK,AU,MX,(US) Exclusive to Target
Ideas,-,21362,Mineral Collection,18+,880,"Dec 31, 2027",US,CA,UK,AU,MX,
Ideas,-,21363,The Goonies,18+,2912,"Dec 31, 2027",US,CA,UK,AU,MX,
Ideas,- ,21330,Home Alone,18+,3955,"Dec 31, 2028",US,CA,UK,AU,MX,
Ideas,Holiday,21365,Love Birds,18+,,"Dec 31, 2028",US,CA,UK,AU,MX,(NA) Exclusive to [TBD]
Ideas,- ,21366,Floating Sea Otters,18+,1234,"Dec 31, 2028",US,CA,UK,AU,MX,
Ideas,- ,21367,Tintin Moon Rocket,18+,1283,"Dec 31, 2028",US,CA,UK,AU,MX,
Ideas,- ,21368,Peanuts: Snoopy's Doghouse,18+,964,"Dec 31, 2028",US,CA,UK,AU,MX,
Ideas,-,21376,Orange Cat,18+,1755,"Dec 31, 2028",US,CA,UK,AU,MX,
Jurassic,World,76967,Little Eatie: T. rex,7+,317,"Jul 31, 2026",US,CA,UK,AU,MX,
Jurassic,World,76970,Baby Dinosaur Dolores: Aquilops,7+,339,"Jul 31, 2026",US,CA,UK,AU,MX,
Jurassic,World,76973,Raptor & Titanosaurus Tracking Mission,7+,582,"Jul 31, 2026",US,CA,UK,AU,MX,
Jurassic,Dinosaur Fossils,76969,Dinosaur Fossils: Triceratops Skull,9+,468,"Dec 31, 2026",US,CA,UK,AU,MX,
Jurassic,World,76972,Raptor Off-Road Escape,6+,285,"Dec 31, 2026",US,CA,UK,AU,MX,
Jurassic,World,76974,Brick-Built Mosasaurus Boat Mission,9+,858,"Dec 31, 2026",US,CA,UK,AU,MX,(US) Exclusive to Walmart
Jurassic,Dinosaur Fossils,76968,Dinosaur Fossils: Tyrannosaurus rex,18+,3145,"Jul 31, 2027",US,CA,UK,AU,MX,
Jurassic,World,76975,T. rex River Escape,5+,199,"Jul 31, 2027",US,CA,UK,AU,MX,
Jurassic,World,77981,"Velociraptor, Stegosaurus & Pteranodon Rescue",4+,171,"Jul 31, 2027",US,CA,UK,AU,MX,
Jurassic,World,76976,Spinosaurus & Quetzalcoatlus Air Mission,8+,984,"Dec 31, 2027",US,CA,UK,AU,MX,
Jurassic,World,77977,Baby Dinosaur: Pteranodon,,373,"Dec 31, 2027",US,CA,UK,AU,MX,
Jurassic,World,77978,Young T. rex Transport Truck,4+,115,"Dec 31, 2027",US,CA,UK,AU,MX,
Jurassic,World,77982,Spinosaurus Dinosaur Escape,,820,"Dec 31, 2027",US,CA,UK,AU,MX,
Jurassic,World,77983,Mosasaurus Dinosaur Boat Attack,,703,"Dec 31, 2027",US,CA,UK,AU,MX,
Jurassic,Park,77984,Jurassic Park Jeep Wrangler,18+,1924,"Dec 31, 2027",US,CA,UK,AU,MX,
Jurassic,Dinosaur Fossils,77985,Dinosaur Fossils: Triceratops,18+,1154,"Dec 31, 2027",US,CA,UK,AU,MX,
Mario,- ,71426,Piranha Plant,18+,540,"Jul 31, 2026",US,CA,UK,AU,MX,
Mario,- ,71438,Super Mario World: Mario & Yoshi,18+,1215,"Jul 31, 2026",US,CA,UK,AU,MX,
Mario,-,71439,Adventures with Interactive LEGO® Mario™,6+,218,"Jul 31, 2026",US,CA,UK,AU,MX,
Mario,Kart,72031,Yoshi Bike,7+,133,"Jul 31, 2026",US,CA,UK,AU,MX,
Mario,Kart,72032,Standard Kart,7+,174,"Jul 31, 2026",US,CA,UK,AU,MX,
Mario,Kart,72034,Baby Mario vs. Baby Luigi,8+,321,"Jul 31, 2026",US,CA,UK,AU,MX,
Mario,Kart,72035,Toad's Garage ,8+,390,"Jul 31, 2026",US,CA,UK,AU,MX,
Mario,Kart,72036,Baby Peach & Grand Prix Set,8+,823,"Jul 31, 2026",US,CA,UK,AU,MX,
Mario,Kart,72038,Wario & King Boo,,,"Jul 31, 2026",US,CA,UK,AU,MX,
Mario,Kart,72039,Bowser's Castle,,,"Jul 31, 2026",US,CA,UK,AU,MX,
Mario,-,72040,Captain Toad's Camp,,,"Jul 31, 2026",US,CA,UK,AU,MX,
Mario,-,72041,Party at Toad's House,,,"Jul 31, 2026",US,CA,UK,AU,MX,
Mario,-,72042,Prince Florian & Castle Bowser,,,"Jul 31, 2026",US,CA,UK,AU,MX,
Mario,Kart,72044,Piranha Plant Power-Up Pursuit,8+,588,"Jul 31, 2026",US,CA,UK,AU,MX,(US) Exclusive to Target
Mario,-,71440,Adventures with Interactive LEGO® Luigi™,6+,210,"Dec 31, 2026",US,CA,UK,AU,MX,
Mario,-,71441,Adventures with Interactive LEGO® Peach™,6+,208,"Dec 31, 2026",US,CA,UK,AU,MX,
Mario,Kart,72043,Interactive LEGO Mario & Standard Kart,,,"Dec 31, 2026",US,CA,UK,AU,MX,
Mario,Kart,72045,Shy Guy & P-Wing,7+,249,"Dec 31, 2026",US,CA,UK,AU,MX,(US) Exclusive to Target
Mario,Kart,72037,Mario Kart™ – Mario & Standard Kart,18+,1972,"Jul 31, 2027",US,CA,UK,AU,MX,
Mario,Kart,72050,Mario Kart – Luigi & Mach 8,18+,2234,"Dec 31, 2027",US,CA,UK,AU,MX,
Mario,-,72046,Game Boy,18+,421,"Dec 31, 2028",US,CA,UK,AU,MX,
Marvel,-,76297,Dancing Groot,10+,459,"Jul 31, 2026",US,CA,UK,AU,MX,
Marvel,Spiderverse,76311,Miles Morales vs. the Spot,9+,375,"Jul 31, 2026",US,CA,UK,AU,MX,
Marvel,-,76312,The Hulk Truck vs. Thanos,7+,229,"Jul 31, 2026",US,CA,UK,AU,MX,
Marvel,-,76314,Captain America: Civil War Battle,10+,736,"Jul 31, 2026",US,CA,UK,AU,MX,
Marvel,Spidey,11198,Spin and Electro Dinosaur Vehicle Chase,4+,124,"Dec 31, 2026",US,CA,UK,AU,MX,
Marvel,Spidey,11200,Spidey and Gobby's Raptor Battle at Tree House HQ,4+,143,"Dec 31, 2026",US,CA,UK,AU,MX,
Marvel,Spidey,11207,Spidey: Underwater Vehicles,4+,154,"Dec 31, 2026",US,CA,UK,AU,MX,
Marvel,-,30725,Spider-Man vs. Anti-Venom Heist (Polybag),7+,31,"Dec 31, 2026",n/a,n/a,n/a,n/a,n/a,
Marvel,Modular Building,76294,X-Men: The X-Mansion,18+,3093,"Dec 31, 2026",US,CA,UK,AU,MX,
Marvel,Character Mech,76307,Iron Man Mech vs. Ultron,6+,101,"Dec 31, 2026",US,CA,UK,AU,MX,
Marvel,Character Mech,76308,Spider-Man Mech vs. Anti-Venom,6+,107,"Dec 31, 2026",US,CA,UK,AU,MX,
Marvel,-,76309,Spider-Man vs. Venom Muscle Car,7+,254,"Dec 31, 2026",US,CA,UK,AU,MX,
Marvel,Logo,76313,MARVEL Logo,12+,931,"Dec 31, 2026",US,CA,UK,AU,MX,
Marvel,-,76315,Iron Man's Laboratory: Hall of Armor,8+,384,"Dec 31, 2026",US,CA,UK,AU,MX,
Marvel,- ,76316,Fantastic Four vs. Galactus Construction Figure,9+,427,"Dec 31, 2026",US,CA,UK,AU,MX,
Marvel,-,76317,Peter Parker's Apartment,,,"Dec 31, 2026",US,CA,UK,AU,MX,
Marvel,-,76319,Captain America vs. Thanos,,,"Dec 31, 2026",US,CA,UK,AU,MX,
Marvel,-,76320,Iron Man & War Machine vs. Hammer Drones,,,"Dec 31, 2026",US,CA,UK,AU,MX,
Marvel,-,76321,Spider-Man vs. Doc Ock Subway Train Scene,9+,393,"Dec 31, 2026",US,CA,UK,AU,MX,
Marvel,-,76322,Avengers: Endgame Thor vs. Chitauri,,,"Dec 31, 2026",US,CA,UK,AU,MX,
Marvel,-,76323,Avengers: Endgame Final Battle,10+,621,"Dec 31, 2026",US,CA,UK,AU,MX,
Marvel,-,76324,Spider-Man vs. Oscorp,,,"Dec 31, 2026",US,CA,UK,AU,MX,
Marvel,-,76325,Avengers: Age of Ultron Quinjet,,,"Dec 31, 2026",US,CA,UK,AU,MX,
Marvel,Bust,76326,Iron Spider-Man Bust,,,"Dec 31, 2026",US,CA,UK,AU,MX,
Marvel,Bust,76327,Iron Man MK4 Bust,18+,436,"Dec 31, 2026",US,CA,UK,AU,MX,
Marvel,Helmet Collection,76329,Miles Morales' Mask,18+,487,"Dec 31, 2026",US,CA,UK,AU,MX,(US) Walmart exclusive
Marvel,Holiday,76340,LEGO Marvel Advent Calendar 2026,,317,"Dec 31, 2026",US,CA,UK,AU,MX,
Marvel,Spidey,11208,Team Spidey Pirate Ship,4+,201,"Jul 31, 2027",US,CA,UK,AU,MX,
Marvel,-,76336,Spider-Man Car vs. Venomized Wolverine,7+,134,"Jul 31, 2027",US,CA,UK,AU,MX,
Marvel,Character Mech,76337,Miles Morales Mech vs. Spider-Man 2099,6+,135,"Jul 31, 2027",US,CA,UK,AU,MX,
Marvel,Character Mech,76338,Mech Battle: Spider-Man vs. Doc Ock,6+,315,"Jul 31, 2027",US,CA,UK,AU,MX,
Marvel,-,76342,Spider-Man vs. Mysterio: The Daily Bugle,10+,781,"Jul 31, 2027",US,CA,UK,AU,MX,
Marvel,-,76343,Epic Battle: Hulkbuster vs. The Hulk,9+,413,"Jul 31, 2027",US,CA,UK,AU,MX,
Marvel,Spidey,11209,Ultron vs. Iron Man,4+,96,"Jul 31, 2027",US,CA,UK,AU,MX,
Marvel,Spidey,11211,Loki vs. Team Iron Man,4+,204,"Jul 31, 2027",US,CA,UK,AU,MX,
Marvel,-,76334,Epic Battle: Spider-Man vs. Sandman,9+,201,"Dec 31, 2027",US,CA,UK,AU,MX,
Marvel,-,76335,Spider-Man vs. Ghost Rider Motorcycle,6+,72,"Dec 31, 2027",US,CA,UK,AU,MX,
Marvel,Buildable Figure,76341,Ravager Jumpsuit Groot,10+,604,"Dec 31, 2027",US,CA,UK,AU,MX,
Marvel,Buildable Figure,76344,Iron Man Mark 3 Collectors' Edition,18+,1297,"Dec 31, 2027",US,CA,UK,AU,MX,
Marvel,Ultimate Collector Series,76354,S.H.I.E.L.D. Helicarrier,18+,3057,"Dec 31, 2027",US,CA,UK,AU,MX,
Marvel,Buildable Figure,76339,The Fantastic Four H.E.R.B.I.E.,,747,"Dec 31, 2027",US,CA,UK,AU,MX,
Marvel,Buildable Figure,76346,Spider-Man Hero Figure,,813,"Dec 31, 2027",US,CA,UK,AU,MX,
Marvel,-,76349,Spider-Man Prison Transport Chase,,367,"Dec 31, 2027",US,CA,UK,AU,MX,
Marvel,-,76350,Spider-Man vs. Hulk Epic Clash,,534,"Dec 31, 2027",US,CA,UK,AU,MX,
Marvel,Bust,76356,Venom Bust,18+,413,"Dec 31, 2027",US,CA,UK,AU,MX,
Marvel,Modular Building,76269,Avenger's Tower,18+,5201,"Dec 31, 2028",US,CA,UK,AU,MX,
Marvel,Spidey,11206,Spidey on his Motorcycle vs. Rhino,4+,61,"Dec 31, 2030",US,CA,UK,AU,MX,
Minecraft,-,21271,The Trial Chamber,8+,322,"Jul 31, 2026",US,CA,UK,AU,MX,
Minecraft,-,21266,The Nether Lava Battle,6+,99,"Dec 31, 2026",US,CA,UK,AU,MX,
Minecraft,-,21267,The Illager Desert Patrol,7+,105,"Dec 31, 2026",US,CA,UK,AU,MX,
Minecraft,-,21268,The Baby Pig House,7+,238,"Dec 31, 2026",US,CA,UK,AU,MX,
Minecraft,-,21269,The Armadillo Mine Expedition,8+,247,"Dec 31, 2026",US,CA,UK,AU,MX,
Minecraft,-,21270,The Mooshroom House,8+,500,"Dec 31, 2026",US,CA,UK,AU,MX,
Minecraft,Movie,21272,Woodland Mansion Fighting Ring,10+,491,"Dec 31, 2026",US,CA,UK,AU,MX,
Minecraft,Movie,21273,The Ghast Balloon Village Attack,10+,555,"Dec 31, 2026",US,CA,UK,AU,MX,
Minecraft,-,21274,The Warden Encounter,,,"Dec 31, 2026",US,CA,UK,AU,MX,
Minecraft,-,21275,The TNT Jungle House,,,"Dec 31, 2026",US,CA,UK,AU,MX,
Minecraft,-,21277,The Pickaxe Mine,,,"Dec 31, 2026",US,CA,UK,AU,MX,
Minecraft,-,21278,The Pillager Outpost and Ravager,,,"Dec 31, 2026",US,CA,UK,AU,MX,
Minecraft,-,21279,The Enderman Tower,,,"Dec 31, 2026",US,CA,UK,AU,MX,
Minecraft,-,21282,The Parrot Houses,8+,535,"Dec 31, 2026",US,CA,UK,AU,MX,(US) Exclusive to Amazon
Minecraft,-,21584,Nether & End Portal Journey,7+,192,"Dec 31, 2026",US,CA,UK,AU,MX,
Minecraft,-,30732,Alex's Campfire Conflict (Polybag),6+,31,"Dec 31, 2026",n/a,n/a,n/a,n/a,n/a,
Minecraft,-,21587,Zombie Dungeon,8+,284,"Jul 31, 2027",US,CA,UK,AU,MX,
Minecraft,Microscale,21589,Mini Biomes,12+,797,"Jul 31, 2027",US,CA,UK,AU,MX,
Minecraft,-,21591,The Twisted Warden Battle,,438,"Jul 31, 2027",US,CA,UK,AU,MX,
Minecraft,-,21592,Chicken Jockey Desert Attack,,428,"Jul 31, 2027",US,CA,UK,AU,MX,
Minecraft,Buildable Figure,21276,The Creeper,10+,665,"Dec 31, 2027",US,CA,UK,AU,MX,
Minecraft,-,21583,Steve's Taiga Adventure,6+,79,"Dec 31, 2027",US,CA,UK,AU,MX,
Minecraft,-,21585,Chicken Farm,7+,233,"Dec 31, 2027",US,CA,UK,AU,MX,
Minecraft,-,21586,The Pale Garden,7+,243,"Dec 31, 2027",US,CA,UK,AU,MX,
Minecraft,Buildable Figure,21588,The Fox,10+,497,"Dec 31, 2027",US,CA,UK,AU,MX,
Minecraft,-,21590,Wither Battle,8+,494,"Dec 31, 2027",US,CA,UK,AU,MX,
Minecraft,-,21593,First Night Adventure,,301,"Dec 31, 2027",US,CA,UK,AU,MX,
Minecraft,-,21594,The Skeleton,,502,"Dec 31, 2027",US,CA,UK,AU,MX,
Minecraft,-,21595,The Ender Dragon,,710,"Dec 31, 2027",US,CA,UK,AU,MX,
Minecraft,-,21596,Evoker Village Attack,,607,"Dec 31, 2027",US,CA,UK,AU,MX,
Minecraft,-,21597,Ghast Station,,754,"Dec 31, 2027",US,CA,UK,AU,MX,
Minecraft,-,21598,Underwater Adventure,,310,"Dec 31, 2027",US,CA,UK,AU,MX,
Minecraft,-,21582,Chicken Jockey,,344,"Jul 31, 2028",US,CA,UK,AU,MX,
Minifigures,-,66814,Series 29,6+,8,"Aug 31, 2026",US,CA,UK,AU,MX,
Minifigures,-,71052,Series 29 6 Pack,6+,51,"Aug 31, 2026",US,CA,UK,AU,MX,
Miscellaneous,Multipack,66817,Hearts & Flowers Gift Set ,,,"Jul 31, 2026",US,CA,UK,AU,MX,"(US) Exclusive to Walmart | Contains 40460, 40638, 40821"
Miscellaneous,- ,40179,Personalised Mosaic Portrait,10+,4702,"Dec 31, 2026",US,CA,UK,AU,MX,(WW) Exclusive to LEGO
Miscellaneous,LEGO House,40504,A Minifigure Tribute,10+,1041,"Dec 31, 2026",US,CA,UK,AU,MX,(WW) Exclusive to the LEGO House
Miscellaneous,Holiday,40743,Christmas Table Decoration,12+,433,"Dec 31, 2026",US,CA,UK,AU,MX,(WW) Exclusive to LEGO
Miscellaneous,-,40805,Arcade Machine,12+,468,"Dec 31, 2026",US,CA,UK,AU,MX,(WW) Exclusive to LEGO
Miscellaneous,-,40807,Birthday Numbers,6+,281,"Dec 31, 2026",US,CA,UK,AU,MX,(WW) Exclusive to LEGO
Miscellaneous,Holiday,40808,Easter Bunny And Chick Egg Hunt,8+,140,"Dec 31, 2026",US,CA,UK,AU,MX,(WW) Exclusive to LEGO
Miscellaneous,Holiday,40812,Snowman Ornaments,6+,168,"Dec 31, 2026",US,CA,UK,AU,MX,(WW) Exclusive to LEGO
Miscellaneous,-,40814,Baby Elephant in the Sky,,,"Dec 31, 2026",US,CA,UK,AU,MX,(WW) Exclusive to LEGO
Miscellaneous,-,40815,Birthday Party Cake,,,"Dec 31, 2026",US,CA,UK,AU,MX,(WW) Exclusive to LEGO
Miscellaneous,Holiday,40816,Decorative Easter Egg,9+,386,"Dec 31, 2026",US,CA,UK,AU,MX,(WW) Exclusive to LEGO
Miscellaneous,Upscaled Minifig,40819,Up-Scaled Racing Driver Minifigure,10+,694,"Dec 31, 2026",US,CA,UK,AU,MX,(WW) Exclusive to LEGO
Miscellaneous,Holiday,40822,Jack-O'-Lantern Pickup Truck,8+,177,"Dec 31, 2026",US,CA,UK,AU,MX,(WW) Exclusive to LEGO
Miscellaneous,Looney Toons,40824,Sweetheart Tweety Bird,12+,412,"Dec 31, 2026",US,CA,UK,AU,MX,(WW) Exclusive to LEGO
Miscellaneous,- ,40955,Maersk Dual-Fuel Container Vessel,12+,1516,"Dec 31, 2026",US,CA,UK,AU,MX,
Miscellaneous,Holiday,80118,Fortune Firecracker,9+,1039,"Dec 31, 2026",US,CA,UK,AU,MX,
Miscellaneous,Holiday,80119,Galloping Horse Canvas,10+,1650,"Dec 31, 2026",US,CA,UK,AU,MX,
Miscellaneous,LEGO House,40296,LEGO House Build Your Meal Brick Bag,4+,19,"Jul 31, 2027",US,CA,UK,AU,MX,(WW) Exclusive to the LEGO House
Miscellaneous,LEGO House,40790,LEGO House Chef (Polybag),4+,6,"Jul 31, 2027",n/a,n/a,n/a,n/a,n/a,(WW) Exclusive to the LEGO House
Miscellaneous,LEGO House,40501,The Wooden Duck,10+,621,"Dec 31, 2027",US,CA,UK,AU,MX,(WW) Exclusive to the LEGO House
Miscellaneous,-,40528,LEGO Brand Retail Store,10+,402,"Dec 31, 2027",US,CA,UK,AU,MX,(Promo set)
Miscellaneous,Holiday,40638,Heart Ornament,9+,254,"Dec 31, 2027",US,CA,UK,AU,MX,(WW) Exclusive to LEGO
Miscellaneous,Upscaled Minifig,40649,Up-Scaled LEGO Minifigure,10+,654,"Dec 31, 2027",US,CA,UK,AU,MX,(WW) Exclusive to LEGO
Miscellaneous,Holiday,40809,Festive Gingerbread House,10+,498,"Dec 31, 2027",US,CA,UK,AU,MX,(WW) Exclusive to LEGO
Miscellaneous,Holiday,40811,Altar of the Dead,9+,231,"Dec 31, 2027",US,CA,UK,AU,MX,(WW) Exclusive to LEGO
Miscellaneous,Holiday,40813,Lucky Cat,9+,280,"Dec 31, 2027",US,CA,UK,AU,MX,(WW) Exclusive to LEGO
Miscellaneous,-,40817,Yellow Travel Suitcase,7+,184,"Dec 31, 2027",US,CA,UK,AU,MX,(WW) Exclusive to LEGO        
Miscellaneous,Upscaled Minifig,40820,Up-Scaled Santa Minifigure,10+,761,"Dec 31, 2027",US,CA,UK,AU,MX,(WW) Exclusive to LEGO
Miscellaneous,Holiday,40825,Halloween Wreath,12+,617,"Dec 31, 2027",US,CA,UK,AU,MX,(WW) Exclusive to LEGO
Miscellaneous,Holiday,40864,Fortune Master,9+,,"Dec 31, 2027",US,CA,UK,AU,MX,
Miscellaneous,Upscaled Minifig,40921,Up-Scaled Blue Astronaut Minifigure,18+,587,"Dec 31, 2027",US,CA,UK,AU,MX,
Miscellaneous,Holiday,80120,Prosperity Carp Leaping,,736,"Dec 31, 2027",US,CA,UK,AU,MX,
Miscellaneous,Holiday,80121,Ancient Moon-Gazing Inn,,1530,"Dec 31, 2027",US,CA,UK,AU,MX,
Miscellaneous,LEGO House,40297,LEGO House 6 DUPLO Bricks,1½+,6,"Dec 31, 2028",US,CA,UK,AU,MX,(WW) Exclusive to the LEGO House
Miscellaneous,Braille ,40655,Play with Braille – French Alphabet,6+,287,"Dec 31, 2028",US,CA,UK,AU,MX,(WW) Exclusive to LEGO
Miscellaneous,Braille ,40656,Play with Braille – English Alphabet,6+,287,"Dec 31, 2028",US,CA,UK,AU,MX,(WW) Exclusive to LEGO
Miscellaneous,-,40719,Traditional Chess Set,9+,743,"Dec 31, 2028",US,CA,UK,AU,MX,(WW) Exclusive to LEGO
Miscellaneous,Braille ,40722,Play with Braille - German Alphabet,6+,287,"Dec 31, 2028",US,CA,UK,AU,MX,(WW) Exclusive to LEGO
Miscellaneous,Braille ,40723,Play with Braille - Italian Alphabet,6+,287,"Dec 31, 2028",US,CA,UK,AU,MX,(WW) Exclusive to LEGO
Miscellaneous,Braille ,40724,Play with Braille - Spanish Alphabet,6+,287,"Dec 31, 2028",US,CA,UK,AU,MX,(WW) Exclusive to LEGO
Miscellaneous,-,40863,Easter Egg Basket,7+,216,"Dec 31, 2028",US,CA,UK,AU,MX,
Miscellaneous,Holiday,40867,Love Letters,8+,345,"Dec 31, 2028",US,CA,UK,AU,MX,
Miscellaneous,- ,40871,Gift Box Celebration,7+,224,"Dec 31, 2028",US,CA,UK,AU,MX,
Miscellaneous,-,40920,Bugs Bunny,14+,605,"Dec 31, 2028",US,CA,UK,AU,MX,
Miscellaneous,Botanical Collection,40957,Spring Wreath,12+,747,"Dec 31, 2028",US,CA,UK,AU,MX,(NA) Exclusive to [TBD]
Monkie Kid,- ,80040,Monkie Kid's Combi Mech,7+,277,"Dec 31, 2027",US,CA,UK,AU,MX,(WW) Exclusive to LEGO
Monkie Kid,- ,80045,Monkey King Ultra Mech,10+,1705,"Dec 31, 2027",US,CA,UK,AU,MX,(WW) Exclusive to LEGO
Monkie Kid,-,80051,Monkie Kid's Mini Mech,8+,556,"Dec 31, 2027",US,CA,UK,AU,MX,(WW) Exclusive to LEGO
Monkie Kid,- ,80054,Megapolis City,10+,2330,"Dec 31, 2027",US,CA,UK,AU,MX,(WW) Exclusive to LEGO
Monkie Kid,-,80055,Monkie Kid's Team Power Truck,7+,712,"Dec 31, 2027",US,CA,UK,AU,MX,(WW) Exclusive to LEGO
Monkie Kid,-,80056,Nine-Headed Beast,9+,757,"Dec 31, 2027",US,CA,UK,AU,MX,(WW) Exclusive to LEGO
Monkie Kid,-,80057,Nezha's Ring of Fire Mech,9+,1163,"Dec 31, 2027",US,CA,UK,AU,MX,(WW) Exclusive to LEGO
Monkie Kid,-,80058,Celestial Pagoda,10+,1621,"Dec 31, 2027",US,CA,UK,AU,MX,(WW) Exclusive to LEGO
Monkie Kid,-,80065,Erlang's Celestial Mech,9+,807,"Dec 31, 2027",US,CA,UK,AU,MX,(WW) Exclusive to LEGO
Monkie Kid,-,80066,Mythical Creature Qilin,9+,791,"Dec 31, 2027",US,CA,UK,AU,MX,(WW) Exclusive to LEGO
Nike,-,43010,Nike Slam Dunk,10+,809,"Dec 31, 2026",US,CA,UK,AU,MX,
Nike,-,43021,Nike Dunk Trickshot,10+,454,"Dec 31, 2026",US,CA,UK,AU,MX,
Nike,-,43008,Nike Dunk,10+,1180,"Dec 31, 2027",US,CA,UK,AU,MX,
Nike,-,43025,Nike Air Max 95,12+,1213,"Dec 31, 2027",US,CA,UK,AU,MX,
Ninjago,-,71832,Thunderfang Dragon of Chaos,8+,668,"Jul 31, 2026",US,CA,UK,AU,MX,
Ninjago,-,71842,Rontu the Master Dragon,,,"Jul 31, 2026",US,CA,UK,AU,MX,
Ninjago,-,71843,Rogue's Mech Dragon Rider,,,"Jul 31, 2026",US,CA,UK,AU,MX,
Ninjago,-,71844,Ninja Combat Vehicle,,,"Jul 31, 2026",US,CA,UK,AU,MX,
Ninjago,-,71845,Lloyd's Jet Mech,,,"Jul 31, 2026",US,CA,UK,AU,MX,
Ninjago,-,71848,The Temple Bounty,,,"Jul 31, 2026",US,CA,UK,AU,MX,
Ninjago,-,30700,Arin vs. Dragonian Battle (Polybag),,,"Dec 31, 2026",n/a,n/a,n/a,n/a,n/a,
Ninjago,-,30723,Cole's Car (Polybag),6+,39,"Dec 31, 2026",n/a,n/a,n/a,n/a,n/a,
Ninjago,- ,71780,Kai's Ninja Race Car EVO,6+,94,"Dec 31, 2026",US,CA,UK,AU,MX,
Ninjago,-,71808,Kai's Elemental Fire Mech,7+,322,"Dec 31, 2026",US,CA,UK,AU,MX,
Ninjago,-,71814,Tournament Temple City,14+,3489,"Dec 31, 2026",US,CA,UK,AU,MX,
Ninjago,Battle Pack,71826,Dragon Spinjitzu Battle Pack,6+,186,"Dec 31, 2026",US,CA,UK,AU,MX,
Ninjago,-,71827,Zane's Action Mech,6+,92,"Dec 31, 2026",US,CA,UK,AU,MX,
Ninjago,-,71829,Lloyd's Green Forest Dragon,6+,128,"Dec 31, 2026",US,CA,UK,AU,MX,
Ninjago,-,71830,Kai's Storm Rider Mech,7+,333,"Dec 31, 2026",US,CA,UK,AU,MX,
Ninjago,-,71831,Ninja Spinjitzu Temple,4+,158,"Dec 31, 2026",US,CA,UK,AU,MX,
Ninjago,-,71834,Zane's Ultra Combiner Mech,9+,1187,"Dec 31, 2026",US,CA,UK,AU,MX,
Ninjago,-,71836,Arc Dragon of Focus,9+,869,"Dec 31, 2026",US,CA,UK,AU,MX,
Ninjago,-,71838,Kai's Motorcycle Speed Race,,,"Dec 31, 2026",US,CA,UK,AU,MX,
Ninjago,-,71839,Arin's Spinjitzu Battle Mech,,,"Dec 31, 2026",US,CA,UK,AU,MX,
Ninjago,-,71840,Rogue vs. Drix Race Car Duel,,,"Dec 31, 2026",US,CA,UK,AU,MX,
Ninjago,-,71846,The Fire Knight Mech,,,"Dec 31, 2026",US,CA,UK,AU,MX,
Ninjago,-,71847,The Guardian Dragon,,,"Dec 31, 2026",US,CA,UK,AU,MX,
Ninjago,-,71849,Nya vs. Mutation Monster Spinner,6+,49,"Dec 31, 2026",US,CA,UK,AU,MX,
Ninjago,-,71850,Lloyd vs. Earth Monster Spinner,6+,52,"Dec 31, 2026",US,CA,UK,AU,MX,
Ninjago,-,71854,Cole's Mission Mech,7+,364,"Dec 31, 2026",US,CA,UK,AU,MX,
Ninjago,-,71856,Jay's Transforming Car,8+,387,"Dec 31, 2026",US,CA,UK,AU,MX,
Ninjago,-,71857,Ninja Vehicle Tree House Battle,7+,642,"Dec 31, 2026",US,CA,UK,AU,MX,
Ninjago,-,71859,The Dragon of Life,9+,1050,"Jul 31, 2027",US,CA,UK,AU,MX,
Ninjago,-,71867,X-1 Ninja Charger 15th Anniversary ,14+,691,"Jul 31, 2027",US,CA,UK,AU,MX,
Ninjago,-,71865,Zane's Ice Dragon Battle,4+,141,"Jul 31, 2027",US,CA,UK,AU,MX,
Ninjago,-,71869,Land Bounty,,1214,"Jul 31, 2027",US,CA,UK,AU,MX,
Ninjago,Modular Building,71837,NINJAGO City Workshops,14+,3244,"Dec 31, 2027",US,CA,UK,AU,MX,
Ninjago,Battle Pack,71851,Kai's Dragon Mech Battle Pack,6+,85,"Dec 31, 2027",US,CA,UK,AU,MX,
Ninjago,-,71853,Jay's Dragon Mech Fight,4+,107,"Dec 31, 2027",US,CA,UK,AU,MX,
Ninjago,-,71855,Ninja Dragon Riyu's Battle,7+,347,"Dec 31, 2027",US,CA,UK,AU,MX,
Ninjago,-,71858,Four Weapons Blacksmith 15th Anniversary,14+,1259,"Dec 31, 2027",US,CA,UK,AU,MX,
Ninjago,-,71860,Lloyd's Titan Mech,14+,1293,"Dec 31, 2027",US,CA,UK,AU,MX,
Ninjago,-,71861,The Old Town 15th Anniversary,14+,4851,"Dec 31, 2027",US,CA,UK,AU,MX,
Ninjago,-,71866,Ninja Character Display,14+,447,"Dec 31, 2027",US,CA,UK,AU,MX,
Ninjago,-,71862,Lloyd's Dragon Mech Battle Pack,,81,"Dec 31, 2027",US,CA,UK,AU,MX,
Ninjago,-,71863,Zilvar and Grimtak the Dragon Beast,,232,"Dec 31, 2027",US,CA,UK,AU,MX,
Ninjago,-,71864,Kai and Cole's Combiner Vehicles,,394,"Dec 31, 2027",US,CA,UK,AU,MX,
Ninjago,-,71868,Wyldfyre's Transforming Dragon Mech,,821,"Dec 31, 2027",US,CA,UK,AU,MX,
Ninjago,-,71870,The Twin Titan Mechs,,1707,"Dec 31, 2027",US,CA,UK,AU,MX,
Ninjago,-,71871,Battle at the Dragon's Blade,,1016,"Dec 31, 2027",US,CA,UK,AU,MX,
Ninjago,-,71872,Ultra Dragon Battle,,2178,"Dec 31, 2027",US,CA,UK,AU,MX,
Ninjago,-,71828,Lloyd's Pull-Back Race Car,7+,181,"Dec 31, 2028",US,CA,UK,AU,MX,
One Piece,- ,75638,Battle at Arlong Park,9+,926,"Jul 31, 2026",US,CA,UK,AU,MX,
One Piece,-,75636,Windmill Village Hut,8+,301,"Dec 31, 2026",US,CA,UK,AU,MX,
One Piece,-,75637,Buggy the Clown’s Circus Tent,8+,573,"Dec 31, 2026",US,CA,UK,AU,MX,
One Piece,- ,75640,The Baratie Floating Restaurant,18+,3402,"Jul 31, 2027",US,CA,UK,AU,MX,
One Piece,-,75641,Dr. Hiriluk's Hideout,,271,"Jul 31, 2027",US,CA,UK,AU,MX,
One Piece,-,75639,The Going Merry Pirate Ship,10+,1376,"Dec 31, 2027",US,CA,UK,AU,MX,
One Piece,- ,75647,Gum-Gum Fruit,9+,482,"Dec 31, 2027",US,CA,UK,AU,MX,
One Piece,-,75642,Showdown with Captain Smoker,,547,"Dec 31, 2027",US,CA,UK,AU,MX,
One Piece,Buildable Figure,75643,Tony Tony Chopper,,577,"Dec 31, 2027",US,CA,UK,AU,MX,
One Piece,-,75644,Dorry vs. Brogy - Giants of Little Garden,,733,"Dec 31, 2027",US,CA,UK,AU,MX,
One Piece,-,75645,Battle at Drum Castle,,1038,"Dec 31, 2027",US,CA,UK,AU,MX,
One Piece,-,75646,Garp's Marine Battleship,,1705,"Dec 31, 2027",US,CA,UK,AU,MX,
Pokémon,-,30729,Premier Ball (Polybag),7+,46,"Dec 31, 2027",US,CA,UK,AU,MX,
Pokémon,-,30730,Trainer Supplies (Polybag),6+,56,"Dec 31, 2027",US,CA,UK,AU,MX,
Pokémon,-,72151,Eevee,18+,587,"Dec 31, 2027",US,CA,UK,AU,MX,
Pokémon,-,72152,Pikachu and Poké Ball,18+,2050,"Dec 31, 2027",US,CA,UK,AU,MX,
Pokémon,-,72153,"Venusaur, Charizard and Blastoise",18+,6838,"Dec 31, 2027",US,CA,UK,AU,MX,
Pokémon,SMART Play,72155,Berry Bash with Bulbasaur and Bidoof,,240,"Dec 31, 2027",US,CA,UK,AU,MX,
Pokémon,SMART Play,72156, Trainer's Buggy Adventure with Squirtle,,320,"Dec 31, 2027",US,CA,UK,AU,MX,
Pokémon,SMART Play,72157,Charmander and Geodude's Cavern Clash,,198,"Dec 31, 2027",US,CA,UK,AU,MX,
Pokémon,SMART Play,72158,"Sprigatito, Fuecoco and Quaxly Battle",,313,"Dec 31, 2027",US,CA,UK,AU,MX,
Pokémon,SMART Play,72159,Jigglypuff Concert,,88,"Dec 31, 2027",US,CA,UK,AU,MX,
Pokémon,SMART Play,72161,Drone Search for Mythical Mew,,429,"Dec 31, 2027",US,CA,UK,AU,MX,
Pokémon,SMART Play,72162,Eevee and Lapras's Treasure Hunt,,623,"Dec 31, 2027",US,CA,UK,AU,MX,
Pokémon,SMART Play,72163,Mewtwo's Lab Break,,605,"Dec 31, 2027",US,CA,UK,AU,MX,
Pokémon,SMART Play,72164,Training House with Pikachu,,400,"Dec 31, 2027",US,CA,UK,AU,MX,
Pokémon,SMART Play,72165,Umbreon vs. Garchomp Championship Battle,,831,"Dec 31, 2027",US,CA,UK,AU,MX,
Pokémon,SMART Play,72166,Cubone and Gengar's Spooky Showdown,,782,"Dec 31, 2027",US,CA,UK,AU,MX,
Pokémon,SMART Play,72167,Charizard vs. Jolteon Ultimate Battle,,751,"Dec 31, 2027",US,CA,UK,AU,MX,
Powered Up,-,45601,Large Hub,,,"Jun 30, 2026",US,CA,UK,AU,MX,
Powered Up,-,45602,Large Angular Motor,,,"Jun 30, 2026",US,CA,UK,AU,MX,
Powered Up,-,45603,Medium Angular Motor,,,"Jun 30, 2026",US,CA,UK,AU,MX,
Powered Up,-,45604,Distance Sensor,,,"Jun 30, 2026",US,CA,UK,AU,MX,
Powered Up,-,45605,Colour Sensor,,,"Jun 30, 2026",US,CA,UK,AU,MX,
Powered Up,-,45606,Force Sensor,,,"Jun 30, 2026",US,CA,UK,AU,MX,
Powered Up,-,45607,Small Angular Motor,,,"Jun 30, 2026",US,CA,UK,AU,MX,
Powered Up,-,45608,3×3 Color Light Matrix,,,"Jun 30, 2026",US,CA,UK,AU,MX,
Powered Up,-,45609,Small Hub,6+,2,"Jun 30, 2026",US,CA,UK,AU,MX,
Powered Up,-,45610,Large hub battery,,,"Jun 30, 2026",US,CA,UK,AU,MX,
Powered Up,-,45611,Micro USB connector cable,,,"Jun 30, 2026",US,CA,UK,AU,MX,
Powered Up,-,88019,LEGO USB Power Adapter,7+,1,"Dec 31, 2027",US,CA,UK,AU,MX,
Powered Up,-,45612,Small Hub Battery,6+,1,"Jun 30, 2028",US,CA,UK,AU,MX,
Powered Up,-,88020,USB Power Adapter,,,"Dec 31, 2028",US,CA,UK,AU,MX,
Powered Up,-,88005,Headlight Set,7+,1,"Dec 31, 2030",US,CA,UK,AU,MX,
Powered Up,-,88012,Technic Hub,7+,1,"Dec 31, 2030",US,CA,UK,AU,MX,
Powered Up,-,88013,Technic Large Motor,7+,1,"Dec 31, 2030",US,CA,UK,AU,MX,
Powered Up,-,88015,Battery Box,7+,1,"Dec 31, 2030",US,CA,UK,AU,MX,
Powered Up,-,88021,Rechargeable Battery,7+,3,"Dec 31, 2030",US,CA,UK,AU,MX,
Powered Up,-,88009,Hub,7+,1,"Dec 31, 2031",US,CA,UK,AU,MX,
Powered Up,-,88010,Remote Control,7+,1,"Dec 31, 2031",US,CA,UK,AU,MX,
Powered Up,-,88011,Train Motor,7+,7,"Dec 31, 2031",US,CA,UK,AU,MX,
Shrek,Buildable Figure,72423,"Shrek, Donkey & Puss in Boots",18+,1403,"Dec 31, 2027",US,CA,UK,AU,MX,
Sonic,-,77003,Super Shadow vs. Biolizard,9+,419,"Jul 31, 2026",US,CA,UK,AU,MX,
Sonic,-,30733,Badnik: Skorp (Polybag),6+,80,"Dec 31, 2026",n/a,n/a,n/a,n/a,n/a,
Sonic,-,77001,Sonic's Campfire Clash,7+,177,"Dec 31, 2026",US,CA,UK,AU,MX,
Sonic,-,77002,Cyclone vs. Metal Sonic,8+,290,"Dec 31, 2026",US,CA,UK,AU,MX,
Sonic,-,77005,Knuckles vs. Dr. Eggman Egg Crusher Mech,,,"Dec 31, 2026",US,CA,UK,AU,MX,
Sonic,-,77006,Team Sonic Command Truck,,,"Dec 31, 2026",US,CA,UK,AU,MX,
Sonic,-,77117,Sonic: Speedster Lightning,7+,126,"Dec 31, 2026",US,CA,UK,AU,MX,
Sonic,-,77118,Silver's Car vs. Knuckles' Monster Truck,8+,378,"Dec 31, 2026",US,CA,UK,AU,MX,
Sonic,-,77119,Tails' Tornado-1,,310,"Jul 31, 2027",US,CA,UK,AU,MX,
Sonic,-,77120,Shadow's Mech vs. G.U.N. Trooper,,374,"Jul 31, 2027",US,CA,UK,AU,MX,
Sonic,-,40926,SEGA Mega Drive Console,,479,"Dec 31, 2027",US,CA,UK,AU,MX,
Speed Champions,Movie Cars,76917,2 Fast 2 Furious Nissan Skyline GT-R (R34),9+,319,"Jul 31, 2026",US,CA,UK,AU,MX,
Speed Champions,Formula 1,76934,Ferrari F40 Supercar,9+,318,"Jul 31, 2026",US,CA,UK,AU,MX,
Speed Champions,Formula 1,30734,Mini F1 ACADEMY Car (Polybag),7+,58,"Dec 31, 2026",n/a,n/a,n/a,n/a,n/a,
Speed Champions,-,76924,Mercedes-AMG G 63 & Mercedes-AMG SL 63,10+,808,"Dec 31, 2026",US,CA,UK,AU,MX,
Speed Champions,Formula 1,77242,Ferrari SF-24 F1 Race Car,10+,275,"Dec 31, 2026",US,CA,UK,AU,MX,
Speed Champions,Formula 1,77243,Oracle Red Bull Racing RB20 F1 Race Car,18+,251,"Dec 31, 2026",US,CA,UK,AU,MX,
Speed Champions,Formula 1,77244,Mercedes-AMG PETRONAS W15 F1 Race Car,10+,267,"Dec 31, 2026",US,CA,UK,AU,MX,
Speed Champions,Formula 1,77245,Aston Martin Aramco F1 AMR24 Race Car,10+,269,"Dec 31, 2026",US,CA,UK,AU,MX,
Speed Champions,Formula 1,77246,Visa Cash App VCARB 01 F1 Race Car,18+,248,"Dec 31, 2026",US,CA,UK,AU,MX,
Speed Champions,Formula 1,77248,BWT Alpine F1 Team A524 Race Car,10+,258,"Dec 31, 2026",US,CA,UK,AU,MX,
Speed Champions,Formula 1,77249,Williams Racing FW46 F1 Race Car,10+,263,"Dec 31, 2026",US,CA,UK,AU,MX,
Speed Champions,Formula 1,77250,MoneyGram Haas F1 Team VF-24 Race Car,10+,242,"Dec 31, 2026",US,CA,UK,AU,MX,
Speed Champions,Formula 1,77251,McLaren MCL38 F1 Team Race Car,10+,269,"Dec 31, 2026",US,CA,UK,AU,MX,
Speed Champions,Formula 1,77259,Audi Revolut F1 Team R26 Race Car,10+,216,"Dec 31, 2026",US,CA,UK,AU,MX,
Speed Champions,-,77237,Dodge Challenger SRT Hellcat,9+,390,"Jul 31, 2027",US,CA,UK,AU,MX,
Speed Champions,-,77238,Lamborghini Revuelto & Huracán STO,10+,607,"Jul 31, 2027",US,CA,UK,AU,MX,
Speed Champions,-,77239,Porsche 911 GT3 RS,9+,348,"Jul 31, 2027",US,CA,UK,AU,MX,
Speed Champions,-,77240,Bugatti Centodieci,9+,291,"Jul 31, 2027",US,CA,UK,AU,MX,
Speed Champions,Movie Cars,77252,APXGP Team Race Car from F1 The Movie,10+,268,"Jul 31, 2027",US,CA,UK,AU,MX,
Speed Champions,Movie Cars,77241,2 Fast 2 Furious Honda S2000,9+,300,"Dec 31, 2027",US,CA,UK,AU,MX,(US) Exclusive to Walmart
Speed Champions,-,77253,Bugatti Vision Gran Turismo,9+,284,"Dec 31, 2027",US,CA,UK,AU,MX,
Speed Champions,-,77254,Ferrari SF90 XX Stradale,9+,339,"Dec 31, 2027",US,CA,UK,AU,MX,
Speed Champions,Disney,77255,Lightning McQueen,9+,274,"Dec 31, 2027",US,CA,UK,AU,MX,
Speed Champions,Movie Cars,77256,Time Machine from Back to the Future,9+,357,"Dec 31, 2027",US,CA,UK,AU,MX,
Speed Champions,-,77257,McLaren W1,9+,287,"Dec 31, 2027",US,CA,UK,AU,MX,
Speed Champions,-,77258,F1 ACADEMY LEGO Race Car,10+,201,"Dec 31, 2027",US,CA,UK,AU,MX,
Speed Champions,-,77262,Ken Block's '65 Ford Mustang Hoonicorn V1,9+,345,"Dec 31, 2028",US,CA,UK,AU,MX,
Speed Champions,Movie Cars,77260,Fast & Furious Toyota Supra MK4,,292,"Dec 31, 2028",US,CA,UK,AU,MX,
Speed Champions,-,77261,Ferrari 499P,,329,"Dec 31, 2028",US,CA,UK,AU,MX,
Speed Champions,-,77263,BMW M3 (E30),,358,"Dec 31, 2028",US,CA,UK,AU,MX,
Speed Champions,-,77264,Jaguar F-TYPE Project 7 & Land Rover Defender Classic,,740,"Dec 31, 2028",US,CA,UK,AU,MX,
Star Wars,- ,75325,The Mandalorian's N-1 Starfighter,9+,412,"Jul 31, 2026",US,CA,UK,AU,MX,
Star Wars,- ,75333,Obi-Wan Kenobi's Jedi Starfighter,7+,282,"Jul 31, 2026",US,CA,UK,AU,MX,
Star Wars,- ,75337,AT-TE Walker,9+,1082,"Jul 31, 2026",US,CA,UK,AU,MX,
Star Wars,Battle Pack,75345,501st Clone Troopers Battle Pack,6+,119,"Jul 31, 2026",US,CA,UK,AU,MX,
Star Wars,- ,75347,TIE Bomber,9+,625,"Jul 31, 2026",US,CA,UK,AU,MX,
Star Wars,Helmet Collection,75349,Captain Rex Helmet,18+,854,"Jul 31, 2026",US,CA,UK,AU,MX,
Star Wars,Midi-scale,75356,Executor Super Star Destroyer,18+,630,"Jul 31, 2026",US,CA,UK,AU,MX,"(US, CA) Exclusive to Walmart | (DE/UK) Smyths"
Star Wars,Battle Pack,75373,Ambush On Mandalore Battle Pack,6+,109,"Jul 31, 2026",US,CA,UK,AU,MX,Connects with 75386
Star Wars,Rebuild the Galaxy,75388,Jedi Bob's Starfighter,8+,305,"Jul 31, 2026",US,CA,UK,AU,MX,
Star Wars,Microfighter,75391,Captain Rex Y-Wing Microfighter,6+,99,"Jul 31, 2026",US,CA,UK,AU,MX,
Star Wars,-,75401,Ahsoka's Jedi Interceptor,8+,290,"Jul 31, 2026",US,CA,UK,AU,MX,
Star Wars,Midi-scale,75404,Acclamator-class Assault Ship,18+,450,"Jul 31, 2026",US,CA,UK,AU,MX,
Star Wars,Midi-scale,75405,Home One Starcruiser,18+,559,"Jul 31, 2026",US,CA,UK,AU,MX,
Star Wars,-,30727,TIE Advanced (Polybag),6+,68,"Dec 31, 2026",n/a,n/a,n/a,n/a,n/a,
Star Wars,-,30728,The Razor Crest (Polybag),6+,74,"Dec 31, 2026",n/a,n/a,n/a,n/a,n/a,
Star Wars,Ultimate Collector Series,75192,Millennium Falcon,16+,7541,"Dec 31, 2026",US,CA,UK,AU,MX,
Star Wars,Helmet Collection,75328,The Mandalorian Helmet,18+,584,"Dec 31, 2026",US,CA,UK,AU,MX,
Star Wars,Ultimate Collector Series,75367,Venator-class Republic Attack Cruiser,18+,5374,"Dec 31, 2026",US,CA,UK,AU,MX,(DE) Exclusive to Alternate | (UK) Argos
Star Wars,Battle Pack,75372,Clone Trooper & Battle Droid Battle Pack,7+,215,"Dec 31, 2026",US,CA,UK,AU,MX,
Star Wars,Ultimate Collector Series,75382,TIE Interceptor,18+,1931,"Dec 31, 2026",US,CA,UK,AU,MX,
Star Wars,Rebuild the Galaxy,75389,The Dark Falcon,10+,1579,"Dec 31, 2026",US,CA,UK,AU,MX,
Star Wars,Ultimate Collector Series,75397,Jabba's Sail Barge,18+,3942,"Dec 31, 2026",US,CA,UK,AU,MX,
Star Wars,-,75399,Rebel U-wing Starfighter,8+,594,"Dec 31, 2026",US,CA,UK,AU,MX,
Star Wars,Microfighter,75400,Plo Koon's Jedi Starfighter Microfighter,6+,89,"Dec 31, 2026",US,CA,UK,AU,MX,(US) Exclusive to Walmart until August
Star Wars,Midi-scale,75406,Kylo Ren's Command Shuttle,18+,386,"Dec 31, 2026",US,CA,UK,AU,MX,(US) Exclusive to Walmart
Star Wars,-,75410,Mando and Grogu's N-1 Starfighter,4+,92,"Dec 31, 2026",US,CA,UK,AU,MX,
Star Wars,Battle Pack,75412,Death Trooper & Night Trooper Battle Pack,6+,119,"Dec 31, 2026",US,CA,UK,AU,MX,(US) Exclusive to Walmart until August
Star Wars,-,75413,Republic Juggernaut,9+,813,"Dec 31, 2026",US,CA,UK,AU,MX,
Star Wars,Rebuild the Galaxy,75414,The Force Burner Snowspeeder,7+,349,"Dec 31, 2026",US,CA,UK,AU,MX,
Star Wars,Helmet Collection,75415,Kylo Ren Helmet,18+,529,"Dec 31, 2026",US,CA,UK,AU,MX,(US) Exclusive to Walmart
Star Wars,Buildable Figure,75428,Battle Droid with STAP,12+,1088,"Dec 31, 2026",US,CA,UK,AU,MX,(WW) Exclusive to Amazon
Star Wars,Helmet Collection,75429,AT-AT Driver Helmet,18+,730,"Dec 31, 2026",US,CA,UK,AU,MX,(US) Exclusive to Target
Star Wars,Buildable Figure,75430,Wicket the Ewok,12+,1010,"Dec 31, 2026",US,CA,UK,AU,MX,(US) TBA exclusive
Star Wars,- ,75435,Battle of Felucia Separatist MTT,9+,976,"Dec 31, 2026",US,CA,UK,AU,MX,
Star Wars,Holiday,75456,LEGO Star Wars Advent Calendar 2026,,293,"Dec 31, 2026",US,CA,UK,AU,MX,
Star Wars,-,75394,Imperial Star Destroyer,10+,1555,"Jul 31, 2027",US,CA,UK,AU,MX,(US) Exclusive to Amazon
Star Wars,-,75402,ARC-170 Starfighter,9+,497,"Jul 31, 2027",US,CA,UK,AU,MX,
Star Wars,Helmet Collection,75408,Jango Fett Helmet,18+,616,"Jul 31, 2027",US,CA,UK,AU,MX,
Star Wars,Character Mech,75411,Darth Maul Mech,6+,143,"Jul 31, 2027",US,CA,UK,AU,MX,(US) Exclusive to Walmart until August
Star Wars,Buildable Figure,75416,Chopper (C1-10P),10+,1039,"Jul 31, 2027",US,CA,UK,AU,MX,
Star Wars,Battle Pack,75431,327th Star Corps Battle Pack ,7+,258,"Jul 31, 2027",US,CA,UK,AU,MX,
Star Wars,- ,75432,V-19 Torrent Starfighter,9+,567,"Jul 31, 2027",US,CA,UK,AU,MX,
Star Wars,Buildable Figure,75434,K-2SO,10+,845,"Jul 31, 2027",US,CA,UK,AU,MX,
Star Wars,-,75437,Cobb Vanth's Speeder,7+,207,"Jul 31, 2027",US,CA,UK,AU,MX,
Star Wars,Bust,75438,Yoda Bust,18+,399,"Jul 31, 2027",US,CA,UK,AU,MX,
Star Wars,-,75445,Anzellan Starship,9+,701,"Jul 31, 2027",US,CA,UK,AU,MX,
Star Wars,Battle Pack,75449,Siege of Mandalore Battle Pack,6+,116,"Jul 31, 2027",US,CA,UK,AU,MX,
Star Wars,Holiday,40806,Gingerbread AT-AT,10+,697,"Dec 31, 2027",US,CA,UK,AU,MX,(WW) Exclusive to LEGO
Star Wars,Midi-scale,75375,Millennium Falcon,18+,921,"Dec 31, 2027",US,CA,UK,AU,MX,
Star Wars,Buildable Figure,75379,R2-D2,10+,1050,"Dec 31, 2027",US,CA,UK,AU,MX,
Star Wars,Buildable Figure,75398,C-3PO,18+,1138,"Dec 31, 2027",US,CA,UK,AU,MX,
Star Wars,Buildable Figure,75403,Grogu with Hover Pram,10+,1048,"Dec 31, 2027",US,CA,UK,AU,MX,
Star Wars,Logo,75407,Brick-Built Star Wars Logo,18+,700,"Dec 31, 2027",US,CA,UK,AU,MX,
Star Wars,Ultimate Collector Series,75409,Jango Fett's Starship,18+,2970,"Dec 31, 2027",US,CA,UK,AU,MX,
Star Wars,Ultimate Collector Series,75417,AT-ST Walker,18+,1513,"Dec 31, 2027",US,CA,UK,AU,MX,
Star Wars,SMART Play,75421,SMART Play: Darth Vader's TIE Fighter,8+,473,"Dec 31, 2027",US,CA,UK,AU,MX,
Star Wars,SMART Play,75423,SMART Play: Luke Skywalker's X-wing,6+,584,"Dec 31, 2027",US,CA,UK,AU,MX,
Star Wars,SMART Play,75427,SMART Play: Throne Room Duel,9+,962,"Dec 31, 2027",US,CA,UK,AU,MX,
Star Wars,-,75433,Jango Fett's Starship,9+,707,"Dec 31, 2027",US,CA,UK,AU,MX,
Star Wars,-,75436,The Mandalorian & Grogu's Speeder Bike,6+,58,"Dec 31, 2027",US,CA,UK,AU,MX,
Star Wars,Bust,75439,Darth Vader Bust,18+,349,"Dec 31, 2027",US,CA,UK,AU,MX,
Star Wars,Midi-scale,75440,AT-AT,18+,525,"Dec 31, 2027",US,CA,UK,AU,MX,
Star Wars,Midi-scale,75441,Venator-class Attack Cruiser,18+,643,"Dec 31, 2027",US,CA,UK,AU,MX,
Star Wars,Buildable Figure,75443,Grogu's Homestead,4+,107,"Dec 31, 2027",US,CA,UK,AU,MX,
Star Wars,-,75448,Clone Shock Trooper Mech,6+,151,"Dec 31, 2027",US,CA,UK,AU,MX,
Star Wars,-,75460,New Republic X-Wing Starfighter,9+,558,"Dec 31, 2027",US,CA,UK,AU,MX,
Star Wars,SMART Play,75420,SMART Play: Luke's Landspeeder,6+,215,"Dec 31, 2027",US,CA,UK,AU,MX,
Star Wars,SMART Play,75422,SMART Play: Yoda's Hut and Jedi Training,8+,440,"Dec 31, 2027",US,CA,UK,AU,MX,
Star Wars,SMART Play,75424,SMART Play: AT-ST Attack on Endor,8+,347,"Dec 31, 2027",US,CA,UK,AU,MX,
Star Wars,SMART Play,75425,SMART Play: Mos Eisley Cantina,8+,666,"Dec 31, 2027",US,CA,UK,AU,MX,
Star Wars,SMART Play,75426,SMART Play: Millennium Falcon,9+,885,"Dec 31, 2027",US,CA,UK,AU,MX,
Star Wars,-,75451,Hutt Palace Sentry Droid Showdown,,415,"Dec 31, 2027",US,CA,UK,AU,MX,
Star Wars,Helmet Collection,75458,Imperial Remnant AT-RT Driver Helmet,18+,775,"Dec 31, 2027",US,CA,UK,AU,MX,
Star Wars,-,75459,Imperial Lambda-class Shuttle,,961,"Dec 31, 2027",US,CA,UK,AU,MX,
Star Wars,Upscaled Minifig,75461,Up-Scaled Darth Vader Minifigure,,1028,"Dec 31, 2027",US,CA,UK,AU,MX,
Star Wars,Ultimate Collector Series,75419,Death Star,18+,9019,"Dec 31, 2028",US,CA,UK,AU,MX,
Star Wars,-,75444,AT-RT Attack,7+,297,"Dec 31, 2028",US,CA,UK,AU,MX,
Star Wars,Buildable Figure,75446,Grogu (Mandalorian Apprentice),10+,1200,"Dec 31, 2028",US,CA,UK,AU,MX,
Star Wars,-,75447,The Razor Crest,10+,930,"Dec 31, 2028",US,CA,UK,AU,MX,
Star Wars,Buildable Figure,75452,BB-8,10+,569,"Dec 31, 2028",US,CA,UK,AU,MX,
Star Wars,Ultimate Collector Series,75442,The Mandalorian's N-1 Starfighter,18+,1809,"Dec 31, 2028",US,CA,UK,AU,MX,
Star Wars,-,75453,Offworld Sandcrawler and Mudhorn,,1683,"Dec 31, 2028",US,CA,UK,AU,MX,
Star Wars,-,75454,Imperial Remnant AT-AT with INT-4,,1453,"Dec 31, 2028",US,CA,UK,AU,MX,
Technic,- ,42130,BMW M 1000 RR,18+,1921,"Jul 31, 2026",US,CA,UK,AU,MX,
Technic,Supercar (1:8),42143,Ferrari Daytona SP3,18+,3778,"Jul 31, 2026",US,CA,UK,AU,MX,
Technic,- ,42151,Bugatti Bolide,9+,905,"Jul 31, 2026",US,CA,UK,AU,MX,
Technic,- ,42158,NASA Mars Perseverance Rover,10+,1132,"Jul 31, 2026",US,CA,UK,AU,MX,
Technic,- ,42160,Audi RS Q e-tron,10+,914,"Jul 31, 2026",US,CA,UK,AU,MX,
Technic,- ,42161,Lamborghini Huracán Tecnica,9+,806,"Jul 31, 2026",US,CA,UK,AU,MX,
Technic,-,42164,Off-Road Race Buggy,8+,219,"Jul 31, 2026",US,CA,UK,AU,MX,
Technic,-,42167,Mack LR Electric Garbage Truck,8+,503,"Jul 31, 2026",US,CA,UK,AU,MX,
Technic,-,42211,Lunar Outpost Moon Rover Space Vehicle,10+,1082,"Jul 31, 2026",US,CA,UK,AU,MX,
Technic,-,30735,Hot Rod Car (Polybag),7+,83,"Dec 31, 2026",n/a,n/a,n/a,n/a,n/a,
Technic,-,30736,White Seaplane (Polybag),7+,82,"Dec 31, 2026",n/a,n/a,n/a,n/a,n/a,
Technic,- ,42154,2022 Ford GT,18+,1468,"Dec 31, 2026",US,CA,UK,AU,MX,
Technic,-,42170,Kawasaki Ninja H2R,10+,643,"Dec 31, 2026",US,CA,UK,AU,MX,
Technic,Formula 1,42171,Mercedes-AMG F1 W14 E Performance,18+,1643,"Dec 31, 2026",US,CA,UK,AU,MX,
Technic,-,42173,Koenigsegg Jesko Absolut Grey Hypercar,10+,801,"Dec 31, 2026",US,CA,UK,AU,MX,
Technic,-,42175,Volvo FMX Truck & EC230 Electric Excavator,10+,2274,"Dec 31, 2026",US,CA,UK,AU,MX,
Technic,-,42176,Porsche GT4 e-Performance Race Car,10+,834,"Dec 31, 2026",US,CA,UK,AU,MX,
Technic,-,42177,Mercedes-Benz G 500 PROFESSIONAL Line,18+,2891,"Dec 31, 2026",US,CA,UK,AU,MX,
Technic,Space,42179,Planet Earth and Moon in Orbit,10+,526,"Dec 31, 2026",US,CA,UK,AU,MX,
Technic,-,42197,Backhoe Loader,7+,104,"Dec 31, 2026",US,CA,UK,AU,MX,
Technic,-,42198,Bush Plane,8+,333,"Dec 31, 2026",US,CA,UK,AU,MX,
Technic,-,42199,Monster Jam DIGatron Pull-Back,7+,218,"Dec 31, 2026",US,CA,UK,AU,MX,
Technic,-,42200,Monster Jam ThunderROARus Pull-Back,7+,232,"Dec 31, 2026",US,CA,UK,AU,MX,
Technic,-,42201,Deep-Sea Research Submarine,9+,413,"Dec 31, 2026",US,CA,UK,AU,MX,
Technic,-,42202,Ducati Panigale V4 S Motorcycle,18+,1603,"Dec 31, 2026",US,CA,UK,AU,MX,
Technic,-,42203,Tipping Dump Truck,9+,462,"Dec 31, 2026",US,CA,UK,AU,MX,
Technic,-,42204,Fast & Furious Toyota Supra MK4,9+,810,"Dec 31, 2026",US,CA,UK,AU,MX,
Technic,-,42205,Chevrolet Corvette Stingray (Yellow),9+,732,"Dec 31, 2026",US,CA,UK,AU,MX,
Technic,-,42208,Aston Martin Valkyrie,9+,707,"Dec 31, 2026",US,CA,UK,AU,MX,
Technic,-,42209,Volvo L120 Electric Wheel Loader,9+,973,"Dec 31, 2026",US,CA,UK,AU,MX,
Technic,-,42215,Volvo EC500 Hybrid ,18+,2359,"Dec 31, 2026",US,CA,UK,AU,MX,
Technic,-,42217,Chevrolet Corvette Stingray (Blue),9+,732,"Dec 31, 2026",US,CA,UK,AU,MX,
Technic,-,42233,Mighty Machines  - Series 1 {Random pack},,,"Dec 31, 2026",US,CA,UK,AU,MX,
Technic,-,42213,Ford Bronco SUV,9+,943,"Jul 31, 2027",US,CA,UK,AU,MX,
Technic,-,42214,Lamborghini Revuelto,10+,1135,"Jul 31, 2027",US,CA,UK,AU,MX,
Technic,-,42218,John Deere 1670H Wheeled Harvester,7+,117,"Jul 31, 2027",US,CA,UK,AU,MX,
Technic,-,42225,Yellow Motorbike,7+,151,"Jul 31, 2027",US,CA,UK,AU,MX,
Technic,Supercar (1:8),42172,McLaren P1,18+,3893,"Dec 31, 2027",US,CA,UK,AU,MX,
Technic,Formula 1,42206,Oracle Red Bull Racing RB20 F1 Car,18+,1639,"Dec 31, 2027",US,CA,UK,AU,MX,
Technic,Formula 1,42207,Ferrari SF-24 F1 Car,18+,1361,"Dec 31, 2027",US,CA,UK,AU,MX,
Technic,-,42210,2 Fast 2 Furious Nissan Skyline GT-R (R34) Car,,,"Dec 31, 2027",US,CA,UK,AU,MX,
Technic,-,42212,Ferrari FXX K,,,"Dec 31, 2027",US,CA,UK,AU,MX,
Technic,-,42219,Monster Jam Grave Digger,7+,263,"Dec 31, 2027",US,CA,UK,AU,MX,
Technic,-,42220,Monster Jam Sparkle Smash,7+,243,"Dec 31, 2027",US,CA,UK,AU,MX,
Technic,-,42221,NASA Artemis Space Launch System Rocket,9+,632,"Dec 31, 2027",US,CA,UK,AU,MX,
Technic,-,42222,Bugatti Chiron Pur Sport,9+,771,"Dec 31, 2027",US,CA,UK,AU,MX,
Technic,-,42224,Porsche 911 GT3 R REXY AO Racing,11+,1313,"Dec 31, 2027",US,CA,UK,AU,MX,
Technic,-,42241,Bugatti Chiron Pur Sport,,771,"Dec 31, 2027",US,CA,UK,AU,MX,
Technic,-,42242,Mercedes-Benz Unimog U 5023 with Crane,,1189,"Dec 31, 2027",US,CA,UK,AU,MX,
Technic,-,42226,BMW M4 GT3 EVO,11+,747,"Jul 31, 2028",US,CA,UK,AU,MX,
Technic,-,42227,Jeep Wrangler Rubicon,10+,723,"Jul 31, 2028",US,CA,UK,AU,MX,
Technic,-,42223,1966 Ford GT40 MKII Race Car,18+,793,"Dec 31, 2028",US,CA,UK,AU,MX,
Technic,Formula 1,42228,McLaren MCL39 F1 Car,18+,1675,"Dec 31, 2028",US,CA,UK,AU,MX,
Technic,Formula 1,42228,McLaren F1,18+,1675,"Dec 31, 2028",US,CA,UK,AU,MX,
Technic,-,42229,Mitsubishi Eclipse,,827,"Dec 31, 2028",US,CA,UK,AU,MX,
Technic,-,42231,Dodge Charger R/T,18+,1516,"Dec 31, 2028",US,CA,UK,AU,MX,
Technic,-,42234,Dodge Viper GTS-R,,805,"Dec 31, 2028",US,CA,UK,AU,MX,
Technic,-,42235,Ferrari 488 Pista,,882,"Dec 31, 2028",US,CA,UK,AU,MX,
Technic,-,42236,Custom Garage Ford GT Mustang,,973,"Dec 31, 2028",US,CA,UK,AU,MX,
Technic,DC,42239,Batmobile Tumbler,,719,"Dec 31, 2028",US,CA,UK,AU,MX,
Technic,-,42240,Aston Martin Aramco AMR25 F1 Car,18+,1547,"Dec 31, 2028",US,CA,UK,AU,MX,
The Legend of Zelda,-,77092,Great Deku Tree 2-in-1,18+,2500,"Jul 31, 2026",US,CA,UK,AU,MX,
The Legend of Zelda,-,77093,Ocarina of Time - The Final Battle,18+,1003,"Dec 31, 2027",US,CA,UK,AU,MX,
Wednesday,-,76785,Thing's Apartment,10+,828,"Jul 31, 2026",US,CA,UK,AU,MX,
Wednesday,-,76784,Black Dahlia Flower,,,"Dec 31, 2026",US,CA,UK,AU,MX,
Wednesday,-,76786,Morticia's Cottage,10+,1002,"Dec 31, 2026",US,CA,UK,AU,MX,
Wicked,-,75682,Elphaba & Glinda Figures,10+,558,"Jul 31, 2026",US,CA,UK,AU,MX,
Wicked,-,75684,Welcome to Emerald City,9+,945,"Dec 31, 2026",US,CA,UK,AU,MX,
Wicked,-,75685,Emerald City Wall Art,18+,1518,"Dec 31, 2026",US,CA,UK,AU,MX,
Wicked,-,75687,Elphaba's Retreat,7+,228,"Jul 31, 2027",US,CA,UK,AU,MX,
Wicked,-,75688,Glinda's Wedding Day,8+,476,"Jul 31, 2027",US,CA,UK,AU,MX,
Wicked,-,75689,Emerald City & Kiamo Ko Castle,9+,860,"Jul 31, 2027",US,CA,UK,AU,MX,
Wicked,-,75690,Glinda & Elphaba Visit Munchkinland,9+,744,"Jul 31, 2027",US,CA,UK,AU,MX,(WW) Exclusive to TBA
Wicked,Book Nook,75691,Glinda & Elphaba Bookends,18+,1327,"Jul 31, 2027",US,CA,UK,AU,MX,(US) Target exclusive        
"Brick Tap partners with Rakuten Advertising, receiving a commission every time you make a qualified purchase using one of our links. You can find Rakuten's privacy policy here.",,,,,,,,,,,,